age,income,group,age_category,age_over_50
24.3094675315502,1,Young,50 or younger,0
25.2115251742737,243049.148012045,Young,50 or younger,0
25.3878632054828,230967.6286547,Young,50 or younger,0
30.1451949606498,249099.445503822,Young,50 or younger,0
21.2048162961804,216641.161268237,Young,50 or younger,0
22.9394414443194,242395.469594245,Young,50 or younger,0
23.6630140897001,268379.932181215,Young,50 or younger,0
28.6722453923184,238493.060747832,Young,50 or younger,0
26.0794414811721,262159.286444501,Young,50 or younger,0
26.2023143517822,217642.345834217,Young,50 or younger,0
25.3320481478354,248888.760689509,Young,50 or younger,0
23.3324765957378,260388.144078869,Young,50 or younger,0
30.3607394104092,256023.067243334,Young,50 or younger,0
26.4935514346877,252113.523882979,Young,50 or younger,0
19.1001485301111,237185.879833892,Young,50 or younger,0
27.1040677046911,233005.913079328,Young,50 or younger,0
21.7965288820395,252352.931942003,Young,50 or younger,0
21.9219866550783,240188.851125987,Young,50 or younger,0
22.8133263121266,244878.156156035,Young,50 or younger,0
23.1248821964522,286877.240104644,Young,50 or younger,0
19.9399200677728,236961.001966091,Young,50 or younger,0
27.5133611334836,254707.731445697,Young,50 or younger,0
25.4601193535095,251559.216991274,Young,50 or younger,0
21.5855891889642,230762.867317397,Young,50 or younger,0
28.7614447632098,248573.838277528,Young,50 or younger,0
26.2793926644304,278891.017168467,Young,50 or younger,0
24.1147855510232,259030.081061584,Young,50 or younger,0
27.6853769831351,250824.658439859,Young,50 or younger,0
27.6344004625991,241550.063353208,Young,50 or younger,0
27.4647432449125,208935.05556919,Young,50 or younger,0
27.0659207623003,272626.744268283,Young,50 or younger,0
26.6617529606128,220787.198581504,Young,50 or younger,0
24.8142648682698,264798.950217547,Young,50 or younger,0
24.0821120087802,288182.07138435,Young,50 or younger,0
23.8585869969629,221122.136780564,Young,50 or younger,0
22.9158790632385,264035.686707494,Young,50 or younger,0
24.3762481659412,244756.050211951,Young,50 or younger,0
21.2038109452952,218557.11681709,Young,50 or younger,0
31.5068678960155,219706.646924365,Young,50 or younger,0
28.623885994915,217969.276528508,Young,50 or younger,0
21.63067425039,239381.869556594,Young,50 or younger,0
23.7913454941028,220764.888300082,Young,50 or younger,0
23.6000339391303,263758.335459517,Young,50 or younger,0
24.7498928005845,224259.390479296,Young,50 or younger,0
25.7599555419843,265754.776949504,Young,50 or younger,0
24.9143597339539,265380.844820018,Young,50 or younger,0
24.8713886281261,256644.051579002,Young,50 or younger,0
29.1058068520434,229832.46783446,Young,50 or younger,0
24.3226870430222,247610.947867387,Young,50 or younger,0
29.5494118132886,244392.093296595,Young,50 or younger,0
20.3537415873093,261259.79066441,Young,50 or younger,0
26.7538412489082,242551.224877923,Young,50 or younger,0
25.3715627315338,269539.467733712,Young,50 or younger,0
25.6478247062319,242508.38284466,Young,50 or younger,0
26.1389184482796,271054.229311587,Young,50 or younger,0
23.4930296406721,229016.459866679,Young,50 or younger,0
24.0003778489917,224796.895104838,Young,50 or younger,0
21.9442738506787,314820.798698848,Young,50 or younger,0
21.7846263205733,241662.848236791,Young,50 or younger,0
25.9105859242128,255964.551830814,Young,50 or younger,0
26.3446293358883,262731.393480677,Young,50 or younger,0
27.7668024036392,260337.240886272,Young,50 or younger,0
31.1502540568814,257379.290547702,Young,50 or younger,0
23.5269065018304,245692.389847166,Young,50 or younger,0
18.0724933730776,251305.860670506,Young,50 or younger,0
28.0172155733868,249318.654925231,Young,50 or younger,0
22.9359741505979,235173.278074543,Young,50 or younger,0
28.0767141090901,228080.074658507,Young,50 or younger,0
24.145680978847,250755.767983422,Young,50 or younger,0
25.5439104392475,258730.469578204,Young,50 or younger,0
24.5833259126829,240832.693345778,Young,50 or younger,0
25.0172925576997,228733.477320576,Young,50 or younger,0
26.155841203379,275263.70352179,Young,50 or younger,0
23.8880199046228,243006.992240929,Young,50 or younger,0
26.9331296455565,232689.742746933,Young,50 or younger,0
24.3385403145437,245274.408621178,Young,50 or younger,0
28.290517039448,272198.405794273,Young,50 or younger,0
24.0222052434063,265081.07570369,Young,50 or younger,0
28.4464228553533,240014.159656555,Young,50 or younger,0
27.9805115678864,254288.906191632,Young,50 or younger,0
26.6451908785242,243506.281770183,Young,50 or younger,0
25.7161952053343,251891.670563471,Young,50 or younger,0
29.08195734559,223783.969333441,Young,50 or younger,0
23.1992212385586,289944.267694959,Young,50 or younger,0
31.5619989790497,262014.176473448,Young,50 or younger,0
29.5978318785556,224974.572767501,Young,50 or younger,0
24.2928989226986,237776.681666392,Young,50 or younger,0
21.9207372990797,226290.398308054,Young,50 or younger,0
48.7952413955349,378542.734383316,Middle-aged,50 or younger,0
45.249651905734,377419.330953468,Middle-aged,50 or younger,0
38.9394197732146,371843.838891793,Middle-aged,50 or younger,0
42.1727762369284,368424.601619838,Middle-aged,50 or younger,0
38.3426402083246,386885.214004588,Middle-aged,50 or younger,0
38.0950124215377,409935.37518877,Middle-aged,50 or younger,0
36.845588648599,339573.685062378,Middle-aged,50 or younger,0
37.621530930162,406359.413001169,Middle-aged,50 or younger,0
46.6036298693468,437100.251392497,Middle-aged,50 or younger,0
39.7838874996582,461127.220547213,Middle-aged,50 or younger,0
40.4769809457103,439035.279766018,Middle-aged,50 or younger,0
40.9747497183964,422703.242913879,Middle-aged,50 or younger,0
44.9299035139414,348198.08802657,Middle-aged,50 or younger,0
37.9357446762209,381954.798759797,Middle-aged,50 or younger,0
36.0299713984318,389438.606302521,Middle-aged,50 or younger,0
46.7027877296128,421105.717082707,Middle-aged,50 or younger,0
38.2353471323789,396829.859979887,Middle-aged,50 or younger,0
37.1077361202405,362240.541158195,Middle-aged,50 or younger,0
35.0549075244668,450533.071242823,Middle-aged,50 or younger,0
34.8611371107288,427341.738753879,Middle-aged,50 or younger,0
37.7041060828081,407122.908174731,Middle-aged,50 or younger,0
42.4719432686661,436543.258309774,Middle-aged,50 or younger,0
44.4393925557189,359836.771382951,Middle-aged,50 or younger,0
42.8303534153424,419824.608933694,Middle-aged,50 or younger,0
38.545370811619,384312.628710597,Middle-aged,50 or younger,0
40.2389997495384,420512.365655521,Middle-aged,50 or younger,0
37.1816141452797,398175.341360198,Middle-aged,50 or younger,0
43.5386019959077,440065.528451782,Middle-aged,50 or younger,0
35.9376296855858,400218.702709507,Middle-aged,50 or younger,0
47.8211758619699,430526.759108563,Middle-aged,50 or younger,0
40.8581553065169,378351.86678692,Middle-aged,50 or younger,0
37.0458891810417,445576.531341645,Middle-aged,50 or younger,0
37.7024452409469,411321.639190718,Middle-aged,50 or younger,0
34.731935470779,338433.315386988,Middle-aged,50 or younger,0
39.2682984465091,359078.876437529,Middle-aged,50 or younger,0
41.6759296196979,393976.569532326,Middle-aged,50 or younger,0
41.2972173766455,425973.382130035,Middle-aged,50 or younger,0
36.873854051781,396943.502328543,Middle-aged,50 or younger,0
36.845512116584,418725.62416062,Middle-aged,50 or younger,0
37.9912051266286,428770.161333635,Middle-aged,50 or younger,0
45.9842426793854,450131.644865888,Middle-aged,50 or younger,0
35.450785517337,401680.501998249,Middle-aged,50 or younger,0
39.2837936224792,398440.542814573,Middle-aged,50 or younger,0
39.5961004586848,402979.827822635,Middle-aged,50 or younger,0
34.5606371847144,382844.498263133,Middle-aged,50 or younger,0
37.3409222589038,370779.712515877,Middle-aged,50 or younger,0
41.9418399156195,394602.813068574,Middle-aged,50 or younger,0
38.4975885133209,430448.29518231,Middle-aged,50 or younger,0
37.7524945458009,340217.545339342,Middle-aged,50 or younger,0
40.3619865885569,403499.118507481,Middle-aged,50 or younger,0
46.3940350845833,373203.772898351,Middle-aged,50 or younger,0
39.6457395514445,410017.088274977,Middle-aged,50 or younger,0
44.3231979846061,412342.897618472,Middle-aged,50 or younger,0
39.5454404179754,326023.054187199,Middle-aged,50 or younger,0
33.8683919884376,477143.744375999,Middle-aged,50 or younger,0
37.9155307297899,393841.022275954,Middle-aged,50 or younger,0
38.0405181874461,419535.79844763,Middle-aged,50 or younger,0
40.1886177310461,408212.994731096,Middle-aged,50 or younger,0
45.2007947106673,430740.19704455,Middle-aged,50 or younger,0
49.1723158953244,424529.783391223,Middle-aged,50 or younger,0
46.1903242359351,393706.204863145,Middle-aged,50 or younger,0
39.4673961426842,411345.033166255,Middle-aged,50 or younger,0
32.9738904177695,371637.735066283,Middle-aged,50 or younger,0
38.444880543713,425707.69032698,Middle-aged,50 or younger,0
40.3568288922932,386168.849833469,Middle-aged,50 or younger,0
43.3800520162697,472503.200613646,Middle-aged,50 or younger,0
43.8501118739371,350468.533129354,Middle-aged,50 or younger,0
42.7372377176659,386080.38271102,Middle-aged,50 or younger,0
34.4189026008021,424761.395882777,Middle-aged,50 or younger,0
43.3985721825334,415303.97640636,Middle-aged,50 or younger,0
38.2137711342911,382315.56884455,Middle-aged,50 or younger,0
40.699210800645,370096.577733774,Middle-aged,50 or younger,0
40.2982047086949,404334.271141321,Middle-aged,50 or younger,0
41.712667059882,399570.777604993,Middle-aged,50 or younger,0
40.0986999313046,346291.562882078,Middle-aged,50 or younger,0
33.3300996096573,401036.532014016,Middle-aged,50 or younger,0
42.9459838590938,405706.909470774,Middle-aged,50 or younger,0
41.5441062733987,405241.791909455,Middle-aged,50 or younger,0
38.9373934988871,368349.48872192,Middle-aged,50 or younger,0
40.4725780441867,414283.998349079,Middle-aged,50 or younger,0
40.5361545814739,441357.104108777,Middle-aged,50 or younger,0
40.884077874244,413687.092095394,Middle-aged,50 or younger,0
46.5633846639099,365932.34588877,Middle-aged,50 or younger,0
39.1237984842661,386930.635909243,Middle-aged,50 or younger,0
40.6722615355386,410383.108586608,Middle-aged,50 or younger,0
44.6735354922764,380588.631060452,Middle-aged,50 or younger,0
44.2167240935077,335270.609949542,Middle-aged,50 or younger,0
44.5810524415214,426527.524600846,Middle-aged,50 or younger,0
37.6901279957618,375115.671651264,Middle-aged,50 or younger,0
48.0099309211713,382793.191876951,Middle-aged,50 or younger,0
40.2668034837207,445117.018270136,Middle-aged,50 or younger,0
47.4674073788275,376775.652111838,Middle-aged,50 or younger,0
34.5963892558772,425371.946205679,Middle-aged,50 or younger,0
44.9996582838769,389363.727907781,Middle-aged,50 or younger,0
54.6322199043176,525924.286160599,Older,Over 50,1
49.1567428778782,510252.056356051,Older,50 or younger,0
51.8262586754555,591071.402242996,Older,Over 50,1
54.8557922353584,580042.452104253,Older,Over 50,1
58.3534798436697,489633.338506852,Older,Over 50,1
46.7472672828745,546194.101966029,Older,50 or younger,0
53.2512288039437,514162.08708974,Older,Over 50,1
58.7820321927274,467169.957178321,Older,Over 50,1
52.305954200112,556004.805247526,Older,Over 50,1
57.4611428503222,546105.229299477,Older,Over 50,1
56.3391750766584,558646.101672049,Older,Over 50,1
58.2662883973569,585298.606575863,Older,Over 50,1
54.3864566951131,558223.900179335,Older,Over 50,1
52.9316174320394,525342.566285059,Older,Over 50,1
41.7842552398551,520608.029923149,Older,50 or younger,0
54.5352949076026,544727.888278353,Older,Over 50,1
57.1514234817999,562400.679463158,Older,Over 50,1
57.6769942043408,508412.785891918,Older,Over 50,1
52.2236082434337,542627.645246305,Older,Over 50,1
63.8975145488757,588690.690406717,Older,Over 50,1
56.4321220981441,545668.796350621,Older,Over 50,1
55.6315792922944,522063.173296224,Older,Over 50,1
61.3613338973426,538962.193262978,Older,Over 50,1
51.4076688934037,594585.941814479,Older,Over 50,1
66.9872624002488,599467.032003264,Older,Over 50,1
47.8074667754274,527661.723506075,Older,50 or younger,0
54.0474159897855,574214.826757213,Older,Over 50,1
56.8921195181842,529746.65831243,Older,Over 50,1
56.500192726029,493177.37981217,Older,Over 50,1
49.9718187024458,555119.718627365,Older,50 or younger,0
55.0962963731269,627834.048709257,Older,Over 50,1
49.6128967344401,582036.573582922,Older,50 or younger,0
58.5635166262214,596610.13559785,Older,Over 50,1
60.4238754493032,564354.228923726,Older,Over 50,1
43.8750615175629,525657.712867351,Older,50 or younger,0
61.1784673115007,541910.365795589,Older,Over 50,1
48.7947775159575,539070.075727523,Older,50 or younger,0
57.2738463449132,531252.008808717,Older,Over 50,1
58.299513190713,578166.691357189,Older,Over 50,1
54.0005508594928,502105.459905384,Older,Over 50,1
51.774430215701,584654.645284511,Older,Over 50,1
57.1940935035723,502055.10563725,Older,Over 50,1
59.4165140997435,575579.679916021,Older,Over 50,1
44.7383150804902,647209.06609378,Older,50 or younger,0
46.8181036597049,527711.380722336,Older,50 or younger,0
62.1520117059409,583796.169656323,Older,Over 50,1
60.2331442355577,518711.926175224,Older,Over 50,1
57.1764447445384,594428.456728112,Older,Over 50,1
58.5758920355553,559992.988797063,Older,Over 50,1
59.585874588205,616076.615664927,Older,Over 50,1
41.6953860076716,491641.170858523,Older,50 or younger,0
60.5513854831941,547948.084554986,Older,Over 50,1
52.5750620171884,528922.992954976,Older,Over 50,1
56.153084153156,542109.405236948,Older,Over 50,1
53.5242109955821,524816.85029256,Older,Over 50,1
59.3598247703937,516646.2567786,Older,Over 50,1
53.2576377552219,573148.894984658,Older,Over 50,1
57.5925188294412,506496.771436923,Older,Over 50,1
53.0465751068051,609361.237262251,Older,Over 50,1
61.0500525522013,554043.166055811,Older,Over 50,1
58.7045000563714,571319.571473059,Older,Over 50,1
63.6213111957823,573469.413563705,Older,Over 50,1
60.6250137291409,553180.079813136,Older,Over 50,1
64.8770952700954,588450.566072387,Older,Over 50,1
53.5925894248052,491741.363316943,Older,Over 50,1
48.3852444362239,518730.411538717,Older,50 or younger,0
53.8032421643094,562816.092572664,Older,Over 50,1
53.9297938000731,532208.72086652,Older,Over 50,1
55.7584025225466,604800.15975884,Older,Over 50,1
63.5615248865964,576930.154534193,Older,Over 50,1
53.3692805374733,552886.67009659,Older,Over 50,1
56.8650232790246,489689.707298533,Older,Over 50,1
53.8615796755223,551044.00901305,Older,Over 50,1
55.1022535426252,537343.36527212,Older,Over 50,1
56.5702883175313,545906.139459176,Older,Over 50,1
61.6410734801849,502737.630917773,Older,Over 50,1
55.6065918874539,569946.321753197,Older,Over 50,1
58.5642116001556,508441.742387719,Older,Over 50,1
58.8943001489177,540951.120742304,Older,Over 50,1
59.5738663542782,565257.033178054,Older,Over 50,1
52.1280272390781,518659.368439478,Older,Over 50,1
53.0952163035299,497339.583933932,Older,Over 50,1
54.4710791617512,437609.012841578,Older,Over 50,1
62.0202513385709,568598.719631434,Older,Over 50,1
61.4704195307279,583621.59307844,Older,Over 50,1
49.5500406379438,538566.183056345,Older,50 or younger,0
50.6346449979127,570165.050183664,Older,Over 50,1
48.2096047031469,503763.338996653,Older,50 or younger,0
55.9092359630992,544914.055726973,Older,Over 50,1
55.8242043395923,472339.264958375,Older,Over 50,1
56.8205734367753,597247.235657541,Older,Over 50,1
57.7607885710928,624396.434461726,Older,Over 50,1
