"ID","Prediktor1","Prediktor2","Prediktor3","Prediktor4","Prediktor5","Prediktor6","Prediktor7","Prediktor8","Prediktor9","Målvariabel1","Målvariabel2"
1,1,29.9657423514873,43,4,0.272865323746784,73.7,16,"KategoriA","KategoriA",1191.4,0
2,0,61.9527893140912,20,8,-1.72815437342875,83.8,22.9,"KategoriB","KategoriA",1262.2,1
3,0,15.1824364671484,45,2,0.451382426353466,94.2,4.9,"KategoriA","KategoriB",1091.4,0
4,0,1.40678840689361,56,3,0.142749140858435,97.3,6.9,"KategoriB","KategoriB",1222.1,0
5,0,58.7306636152789,26,4,-0.64285201942379,107.9,13.6,"KategoriA","KategoriA",855,0
6,1,31.4485122682527,45,2,0.0633661440034655,101.1,9.8,"KategoriA","KategoriA",1167.6,1
7,0,84.3343775952235,46,5,-0.417932126961726,133.1,18.8,"KategoriA","KategoriB",1332.6,0
8,1,82.0373970083892,38,2,-0.562336729450572,85,7.3,"KategoriA","KategoriC",1146.1,0
9,1,51.9560436718166,25,1,-0.00766612702800009,69.2,8.6,"KategoriB","KategoriC",1115.1,0
10,0,19.5469571277499,52,7,-1.72828028052081,69.8,12,"KategoriA","KategoriC",1340.4,1
11,1,42.1112650306895,26,4,0.70762375584944,96.2,15.8,"KategoriB","KategoriB",960.7,0
12,0,42.7559493808076,62,4,-0.323092660752842,83,11,"KategoriA","KategoriB",1625.1,1
13,1,24.1886940784752,49,6,0.0134283439770124,48.8,NA,"KategoriB","KategoriB",1628.3,1
14,0,5.71392690762877,43,2,0.835745862111205,81.1,4.3,"KategoriB","KategoriC",1071.5,1
15,0,47.6553271058947,39,7,-0.599493381616165,98.5,14.4,"KategoriB","KategoriB",1238.5,1
16,0,39.1620188253,51,1,0.315476849941809,84.4,15.3,"KategoriB","KategoriA",1482.3,1
17,0,87.0908813551068,46,3,-0.0112041732622519,75.3,7.6,"KategoriA","KategoriC",1044.7,1
18,1,0.96814336720854,29,3,-0.785709686781412,88.5,13.8,"KategoriA","KategoriC",1224.7,0
19,1,48.2521455036476,56,8,-0.483046838978038,109.9,6.6,"KategoriB","KategoriB",1234.3,0
20,1,28.5406452836469,55,1,0.566054034311084,173.1,12.9,"KategoriB","KategoriB",1176.9,0
21,0,93.5956856468692,33,7,0.114848095970558,67.4,23.2,"KategoriC","KategoriA",1168.1,0
22,1,63.6857945006341,48,3,0.51292090595662,67.3,5.3,"KategoriA","KategoriB",1264.9,1
23,1,58.4298371104524,48,5,-1.11142730079491,111.3,6,"KategoriA","KategoriB",1170,0
24,0,47.150822263211,31,7,-1.72685166417797,63.8,1.5,"KategoriA","KategoriB",1371.6,1
25,0,84.9817438982427,41,7,-0.639875743416356,31.3,6.2,"KategoriA","KategoriA",1346.4,1
26,1,90.2451939880848,57,5,1.40772588064437,141.4,16.4,"KategoriA","KategoriC",1318.6,0
27,1,32.0839453022927,33,4,-0.0423596308790659,71.1,18.8,"KategoriA","KategoriC",1202.6,1
28,0,29.5299466466531,33,7,0.60637334373501,122.7,4,"KategoriA","KategoriA",1107.5,0
29,1,58.3645455306396,40,8,-2.1321504477907,161.2,3,"KategoriA","KategoriB",1000.3,0
30,1,79.7585690394044,32,3,0.737053434040298,157.2,NA,"KategoriA","KategoriA",827.1,0
31,0,40.2301511727273,60,3,2.43795125441555,90.6,11.4,"KategoriA","KategoriB",1310.3,1
32,0,4.63175165932626,18,4,-0.746260072361846,67.9,15.9,"KategoriB","KategoriB",1178,1
33,1,67.3919887049124,23,6,-0.880060078248067,154.6,7.3,"KategoriA","KategoriA",776,0
34,1,29.024712392129,57,3,1.26889202435727,NA,27.8,"KategoriA","KategoriA",1394.5,1
35,1,75.022385455668,44,4,1.69629561873161,76,9.7,"KategoriB","KategoriA",1408.3,1
36,1,69.8643116978928,52,4,-0.722988778347691,NA,16.6,"KategoriA","KategoriB",932.1,1
37,1,98.2521451544017,55,3,0.584015534471112,74.1,7.2,"KategoriA","KategoriA",943.2,0
38,0,84.5473156310618,18,0,-0.285339271852877,205.4,5.9,"KategoriA","KategoriA",510.4,0
39,1,6.08002131339163,46,6,-1.30117422112308,142,3.1,"KategoriA","KategoriA",1210.2,0
40,1,49.2570300586522,52,5,0.953780730196424,-20,3,"KategoriB","KategoriA",1346.1,0
41,0,34.3201885232702,35,4,0.224198728810422,118.1,9.8,"KategoriB","KategoriB",1096.4,0
42,0,68.231861712411,34,5,0.457193289045159,75.8,12.1,"KategoriB","KategoriB",1356.3,0
43,1,13.8894680188969,39,5,0.0214109778773099,106.3,24.4,"KategoriA","KategoriC",1291.5,1
44,0,97.0570042030886,44,5,0.478762389358498,228.3,3.8,"KategoriA","KategoriB",733.8,0
45,1,16.3933933945373,44,6,0.194846608739822,73.7,17.6,"KategoriA","KategoriB",1220.7,1
46,0,32.9823679057881,34,3,-0.23742763732833,46.7,5.2,"KategoriB","KategoriA",1370.9,1
47,0,16.6382754221559,NA,4,0.784206161886859,80.8,4.4,"KategoriA","KategoriB",1114,0
48,1,85.5651479912922,44,9,0.875534471173187,93.6,NA,"KategoriB","KategoriB",1122.7,0
49,1,14.4361340906471,37,3,-2.75375444439739,81.7,9.5,"KategoriA","KategoriC",1179.1,0
50,0,82.1839617332444,41,6,1.20848265372859,121.1,13.9,"KategoriC","KategoriC",1129.3,0
51,1,76.4430182054639,43,3,-0.58345670125156,86.5,10.4,"KategoriA","KategoriB",1159,0
52,1,30.4609063547105,63,2,-1.34358078248751,179.8,12.8,"KategoriB","KategoriB",1072.6,1
53,1,55.3210787242278,25,1,0.271872565626122,57.4,6.2,"KategoriB","KategoriA",1212.6,0
54,0,63.2325552171096,40,2,0.911145784981807,73.3,15.4,"KategoriA","KategoriB",1135.4,0
55,0,2.78674883302301,53,6,-1.25302728495291,124.6,2.7,"KategoriB","KategoriB",1374.6,1
56,0,27.8487154981121,55,2,-0.0928904897119953,113.1,14.1,"KategoriB","KategoriB",1288,1
57,0,59.8043039208278,29,5,-0.369278098858149,65.3,11.4,"KategoriA","KategoriC",1243,0
58,0,NA,28,0,0.609532826266227,82.5,5.2,"KategoriC","KategoriB",1226.4,0
59,0,88.4727532509714,31,7,-0.10456168610047,110,5.1,"KategoriA","KategoriA",1137.1,0
60,1,46.1371414596215,47,3,-1.01789346123095,181.3,9.3,"KategoriB","KategoriA",1144.8,0
61,0,15.2637561783195,39,8,0.212810282994389,99.8,6.1,"KategoriB","KategoriA",1523.2,1
62,1,14.9212980410084,37,4,-0.7529764531996,130.7,4.1,"KategoriA","KategoriB",1296.5,0
63,1,21.8629020266235,33,7,0.533202241610282,160.2,33.1,"KategoriA","KategoriB",978.7,0
64,0,17.8158618276939,39,5,0.965614773171129,104.2,3.6,"KategoriA","KategoriA",1180.8,1
65,0,49.1641472792253,30,4,1.42176592355476,156,14.5,"KategoriB","KategoriA",938.8,0
66,0,30.0583735806867,49,6,0.800003899443234,128.7,8.5,"KategoriB","KategoriB",1285.3,1
67,0,42.0372574822977,36,6,0.335661565956476,99.4,8.7,"KategoriA","KategoriB",1185.7,0
68,0,75.2810472156852,34,9,-0.299472640677363,102,15.5,"KategoriB","KategoriA",1336.7,1
69,0,70.3234693035483,43,4,-0.478896535954773,90.8,5.8,"KategoriC","KategoriB",1467.5,1
70,0,82.7442498877645,18,6,1.54437944429785,123.1,9.2,"KategoriB","KategoriA",1059.4,1
71,0,47.9456398868933,39,3,-0.641590995864932,86.8,6.7,"KategoriA","KategoriC",1427.3,0
72,0,31.299980962649,29,4,0.172457162092164,104.7,9,"KategoriA","KategoriA",1250,0
73,0,15.7339627156034,28,4,-2.12630254712143,141.2,4.9,"KategoriA","KategoriA",945.9,0
74,1,5.51485395990312,54,5,1.83737805495332,94.7,10.7,"KategoriA","KategoriC",1299.1,1
75,1,96.2920858990401,37,3,-0.17208872608087,NA,20.7,"KategoriB","KategoriA",1092.8,0
76,1,39.6828001365066,35,4,1.71085420829206,138.7,7.4,"KategoriA","KategoriB",914.8,0
77,0,54.7488606302068,23,1,0.657597807643833,92.8,12.9,"KategoriC","KategoriB",1184.6,0
78,1,98.2649252051488,32,7,-0.884477252360521,NA,18.6,NA,"KategoriA",1133.1,1
79,1,83.153659501113,58,4,1.02942108355025,104.5,25.2,"KategoriB","KategoriB",1136.2,1
80,0,21.614933386445,35,3,1.84860494415262,81.6,NA,"KategoriB","KategoriB",1053.4,0
81,1,37.0142749045044,32,4,0.446806751171179,136.3,8.2,"KategoriB","KategoriC",948,0
82,1,35.608923388645,37,3,-0.647043042152558,NA,17.7,"KategoriC","KategoriA",1202.4,0
83,1,88.9120573410764,48,5,0.212836335167591,130.1,16.5,"KategoriA","KategoriB",976.5,0
84,1,60.1958540501073,46,3,1.06458056049628,88.6,2.2,"KategoriC","KategoriA",1340.6,0
85,1,71.7616623733193,26,2,2.03136242271244,67.5,19.1,"KategoriA","KategoriB",1071,0
86,1,47.149138757959,61,3,0.617239222668075,248.6,3.8,"KategoriA","KategoriA",1338,0
87,1,95.3798968810588,32,5,-0.575433477688952,134.2,5.2,"KategoriB","KategoriB",1114.6,0
88,1,50.9592880262062,49,10,0.321885137494321,102.3,9,"KategoriB","KategoriA",1375.8,1
89,0,63.7977480888367,29,3,0.212796155210573,89.8,9.2,"KategoriA","KategoriA",640.7,0
90,1,3.48005776759237,33,8,-0.788456671684464,99.3,4,"KategoriB","KategoriB",1137.1,0
91,1,34.621501667425,33,4,0.473471841807878,133.4,16.7,"KategoriA","KategoriC",1304.1,0
92,1,66.408164659515,38,5,1.07142565939984,172.9,9,"KategoriA","KategoriA",971.1,0
93,1,46.9037822680548,42,4,0.481938072959327,91.5,7.9,"KategoriA","KategoriA",1329.7,1
94,1,22.9126404738054,51,3,0.270689411965269,68.8,20.9,"KategoriB","KategoriA",1216.5,1
95,1,77.3070608265698,NA,6,1.16422863751599,135.2,15.1,"KategoriA","KategoriB",895.5,0
96,0,98.5788661288098,53,6,2.63181268274397,71.9,7.8,"KategoriB","KategoriA",1220.1,1
97,1,84.9612353136763,44,1,-0.10881417899402,88.9,10.5,"KategoriB","KategoriA",1237.1,0
98,1,89.2427725018933,NA,6,0.185300830492138,73.9,1,"KategoriC","KategoriA",1299.4,1
99,0,94.4686258211732,25,9,-0.314585371328314,72.6,10.3,"KategoriA","KategoriA",1157.9,0
100,1,19.3139861570671,18,4,1.91531838691218,137.1,3.5,"KategoriB","KategoriB",1105.3,0
101,1,11.2022454384714,52,2,0.0457801160058114,130.3,19.4,"KategoriA","KategoriC",1157.7,0
102,0,32.3161736829206,47,10,0.872636046891673,83.2,3.8,"KategoriA","KategoriA",1430.8,0
103,0,8.27014797832817,54,4,-0.183443083995252,69.1,4.6,"KategoriA","KategoriB",1388.4,0
104,0,39.9378731381148,54,2,0.216548930595015,73.6,7.4,"KategoriA","KategoriA",1364.5,0
105,1,57.7262873994187,34,8,1.3322676197783,94,8.5,"KategoriA","KategoriB",1159.3,0
106,0,85.349432984367,52,7,0.458813921735082,67.1,4.8,"KategoriA","KategoriA",1262.9,1
107,0,21.7561187921092,31,7,-0.55704322785484,106.6,5.2,"KategoriB","KategoriC",1123.8,0
108,1,18.0542398011312,29,4,-0.935234571070333,128.7,8.4,"KategoriC","KategoriA",1288.7,0
109,1,58.30513832625,32,4,0.538177090630344,100.4,10.2,"KategoriB","KategoriA",1162.6,1
110,0,72.9653257643804,36,5,0.803957700379606,86.3,2.7,"KategoriB","KategoriA",1419.5,1
111,0,0.937318499200046,46,6,-0.220407389846346,65.4,21,"KategoriA","KategoriA",1320.7,0
112,1,8.47654500976205,71,8,-0.923073479096115,69,14.3,"KategoriA","KategoriA",1666.9,1
113,0,53.0454705934972,26,4,0.458740576299497,62.5,17.1,"KategoriA","KategoriB",1209.7,0
114,0,55.2568813087419,27,7,-0.65426915164213,114.7,14.3,"KategoriB","KategoriC",1233.2,1
115,1,76.281814253889,26,4,1.02899643407754,127.6,5.2,"KategoriB","KategoriA",764.5,0
116,1,13.4333311812952,27,6,0.638090096321135,104.7,12,"KategoriB","KategoriA",1130.4,0
117,0,54.4307058909908,22,4,0.637247663031227,86.7,4.1,"KategoriA","KategoriA",844.6,0
118,0,37.0614811079577,54,3,0.788191519058188,72.8,3.3,"KategoriB","KategoriA",1075.3,0
119,1,29.2631298769265,40,4,0.336907909892761,62.2,25.4,"KategoriC","KategoriB",1802,0
120,1,72.8710199939087,51,0,1.6006787599369,56.5,8.7,"KategoriA","KategoriA",1161.6,1
121,0,55.513645359315,32,3,0.374509635595904,106.8,3.9,"KategoriB","KategoriB",995.1,0
122,1,46.9299922231585,26,6,0.184976409390213,214.6,16.8,"KategoriA","KategoriA",1092.5,0
123,0,27.7843554969877,37,2,0.254682930545972,177.6,14.4,"KategoriA","KategoriB",1020.4,0
124,1,40.6779388897121,44,8,0.170185778065457,112.9,NA,"KategoriB","KategoriA",1512.6,1
125,1,92.9820692865178,22,7,-0.403607006645498,142.4,9.8,"KategoriB","KategoriC",728.2,0
126,0,NA,30,6,0.171798114335481,107,8,"KategoriA","KategoriA",1017.4,0
127,1,32.694089715369,32,2,-0.0807590393625782,174,4.7,"KategoriB","KategoriA",968.1,0
128,0,1.76909132860601,47,3,0.520035278581043,66.1,10.8,"KategoriA","KategoriC",1253.2,1
129,0,61.6430392721668,37,3,-1.74700940143868,131,12,"KategoriC","KategoriA",1271.6,1
130,1,65.1774559170008,47,10,-0.894770130214886,46.6,5.3,"KategoriA","KategoriA",1305,1
131,1,14.2578248400241,40,4,-1.34483793811323,140.5,6.5,"KategoriA","KategoriA",1253.5,0
132,0,13.065547728911,27,6,-0.646291855534782,123.6,3.8,"KategoriB","KategoriA",1238.3,0
133,0,87.6712914090604,40,6,-0.0875569730448745,57.1,12.2,"KategoriC","KategoriA",1398.6,1
134,1,31.8924563238397,45,7,-1.11948036094044,97.4,14.2,"KategoriB","KategoriC",1198.3,1
135,0,83.0951950978488,45,6,-0.728474144691464,54,7.4,"KategoriB","KategoriC",1186,1
136,1,14.9669643957168,49,10,0.738740505405702,87.9,4.8,NA,"KategoriB",1340.2,1
137,1,18.6349369119853,65,8,0.0817879130886886,92.5,11.1,"KategoriA","KategoriB",1407.9,1
138,0,96.4925071923062,57,6,2.54941978512048,68.8,8.6,"KategoriA","KategoriC",1245.6,0
139,1,32.6789169106632,50,2,0.232553970874645,86.3,8,"KategoriB","KategoriB",989.6,0
140,0,34.9466357147321,25,2,-1.46883437892526,79.1,20.2,"KategoriA","KategoriC",1163.1,0
141,0,15.0200905278325,39,9,-1.09013745235608,150.1,NA,"KategoriA","KategoriB",1219.3,0
142,0,28.1984937377274,41,8,1.01717128306167,123.8,8.3,"KategoriB","KategoriB",1344.5,0
143,1,43.4803303098306,29,4,-0.00199014944617298,71.3,6.2,"KategoriB","KategoriA",1147.5,1
144,1,94.3693455308676,31,6,-1.40609506255885,127.4,19.9,"KategoriB","KategoriB",939.2,0
145,0,45.6586060812697,42,5,-1.52157412112157,180.7,4.3,"KategoriA","KategoriB",1045.2,0
146,0,37.4613227555528,52,6,0.204665584462269,90.4,17.2,"KategoriA","KategoriB",1223.6,1
147,0,65.878066723235,60,7,-1.0677713096958,84.4,8.6,"KategoriA","KategoriB",1313.2,1
148,1,51.5219316119328,52,5,-0.142826384289098,116.2,4.5,"KategoriB","KategoriA",1295.1,1
149,0,62.226117728278,44,4,-0.438059787300373,134.3,3.7,"KategoriB","KategoriB",1159,0
150,1,79.9180848523974,22,7,1.32255509363466,106.9,14.3,"KategoriB","KategoriB",1348.3,0
151,0,92.9451146861538,50,4,-0.281353333555731,75.8,11.9,"KategoriA","KategoriA",1421.1,1
152,1,29.2394344229251,44,4,2.250750714813,121.9,11.4,"KategoriA","KategoriA",1230.2,0
153,1,43.5204304521903,24,1,-0.178074296153185,73.7,4.3,"KategoriB","KategoriA",864.3,0
154,1,29.3902902165428,35,5,-1.12414889574253,103.3,14.4,"KategoriA","KategoriC",1330.4,0
155,1,99.6008062269539,46,4,0.380417298157442,60.5,40,"KategoriB","KategoriA",1103.5,1
156,1,29.6631074743345,28,8,0.153029955034127,68.2,6.7,"KategoriA","KategoriB",1098.3,0
157,0,31.1979141784832,40,5,-1.11355690672003,175.9,15.5,"KategoriB","KategoriB",1298.9,0
158,1,96.0134219378233,41,4,-1.34943825669339,67.7,18,"KategoriA","KategoriA",1025.2,0
159,1,17.6782835042104,26,9,0.557550798214667,73.9,2.8,"KategoriB","KategoriC",1395.1,1
160,0,75.8108310168609,67,9,-0.0645704033451638,120,11.7,"KategoriB","KategoriB",1233.8,0
161,0,32.8963669016957,29,6,-0.0572245612174668,87.2,4.2,"KategoriA","KategoriA",1097.8,0
162,1,18.3063135948032,39,5,0.223439454970492,175.4,14.8,"KategoriB","KategoriA",1123.5,0
163,1,93.6452841153368,37,2,0.107104131296541,65.1,7.4,"KategoriB","KategoriC",1095.3,1
164,0,99.1606035968289,28,5,-1.74811725200769,61.3,9.4,"KategoriB","KategoriB",887.6,0
165,0,57.4452220695093,38,6,0.477061697854718,86,10.4,"KategoriC","KategoriC",1361.1,1
166,1,41.9915195321664,18,6,1.51723405288359,88.8,4.5,"KategoriA","KategoriA",846.9,1
167,0,52.4023306556046,49,5,0.530719928041964,82.5,22.5,"KategoriA","KategoriC",1084.7,1
168,0,50.4510974744335,36,5,-0.4982839526582,99.1,1.5,"KategoriC","KategoriA",1049.1,0
169,1,7.47823617421091,36,4,-0.896468089082166,64.7,2.4,NA,"KategoriB",1187.5,1
170,0,4.29423414170742,34,7,-0.337116288342871,71.3,18.1,"KategoriA","KategoriA",1365.5,1
171,1,37.2607348486781,26,5,2.10564555670507,139.8,5,"KategoriC","KategoriA",1206.9,0
172,0,77.0061100600287,42,8,0.178987290491714,160.4,23.9,"KategoriB","KategoriB",1195.3,0
173,1,11.6421587299556,49,6,-0.297833761956495,82.6,12.8,"KategoriB","KategoriB",1491.6,1
174,0,10.4918254539371,43,7,0.473475631810026,100.6,16.2,"KategoriA","KategoriA",1272.1,1
175,0,29.6803754521534,23,6,2.0670782969741,93,6.7,"KategoriA","KategoriA",1112,0
176,0,10.1908456068486,41,3,-0.709627443823992,73.7,NA,"KategoriB","KategoriB",1395.1,1
177,0,93.9492731355131,43,5,-1.73522670832691,94.3,13.8,"KategoriB","KategoriB",1036.8,0
178,1,67.1269497135654,54,7,-0.853901967215697,69.8,11.4,"KategoriA","KategoriA",1315,1
179,1,28.9449588162825,25,3,0.790799874336251,113.3,6.8,"KategoriC","KategoriB",1152.6,0
180,1,95.6512137548998,31,3,-0.0865397467730301,67.9,3.3,"KategoriB","KategoriA",1072.8,0
181,1,7.35423760488629,33,5,0.185494612063001,80.9,3.5,"KategoriC","KategoriB",1211.6,1
182,1,NA,31,8,-0.0239350131039587,114.1,2.7,"KategoriA","KategoriB",1160.6,0
183,1,1.4212240697816,31,4,-0.969627883781806,92,4.7,"KategoriA","KategoriC",951.4,0
184,1,44.8946374235675,42,10,2.46782273766471,108.2,9.7,"KategoriB","KategoriC",1224.5,0
185,0,20.1130714733154,52,6,1.08505200124252,60.1,11.3,"KategoriA","KategoriB",1410.6,1
186,0,50.0558967934921,20,9,0.886668970327669,116.8,7.3,"KategoriA","KategoriA",1182.6,0
187,0,57.2062778286636,47,6,0.405410875802985,60,2.9,"KategoriC","KategoriB",1320.3,1
188,1,7.11435594130307,34,12,1.96799440324937,55.1,3.1,"KategoriB","KategoriA",1318.2,1
189,0,90.6086103059351,40,7,-0.76576158787575,99,0.9,"KategoriA","KategoriA",1404.6,1
190,0,66.2647946504876,42,4,0.460655136940785,81.9,3.7,"KategoriB","KategoriC",1262.9,0
191,1,81.1683556297794,35,4,0.932754407634109,120.4,7.1,"KategoriB","KategoriA",1138.8,0
192,1,36.1052983440459,69,7,-1.27845424288849,91,11.3,"KategoriA","KategoriA",1561.1,1
193,0,8.74696609098464,18,7,-1.29804420670148,157.3,10.4,"KategoriB","KategoriC",805.8,0
194,1,6.0201503103599,38,4,0.72276955133929,62.8,6.5,"KategoriB","KategoriB",1224.7,1
195,1,93.7748112948611,32,7,0.117832074558569,84.5,2.8,"KategoriB","KategoriA",1255.5,1
196,1,56.3033417798579,58,7,-0.506211298960862,85.3,2.2,"KategoriA","KategoriB",1096.8,1
197,0,10.2696393150836,50,5,0.788408275847801,109.6,12,"KategoriC","KategoriC",1505.4,0
198,0,26.238278625533,41,6,0.979161106741227,79.1,16.4,"KategoriA","KategoriB",1473.7,1
199,1,44.4588155252859,19,4,1.55838392158098,55.1,16,"KategoriA","KategoriB",1347.6,0
200,1,16.3575290702283,56,5,1.11165937296842,83.2,7.7,"KategoriA","KategoriB",1420.8,1
201,1,50.1188630703837,65,8,2.06572046762214,205,15.5,"KategoriB","KategoriA",1407.2,1
202,0,35.1932197110727,34,6,0.303477595656686,74.2,5.3,"KategoriB","KategoriB",1068.8,0
203,0,21.4487242279574,24,5,0.474906849260954,115.7,2.2,"KategoriA","KategoriA",1201.8,0
204,1,61.5641528740525,34,4,0.968543462196618,107,15.9,"KategoriB","KategoriB",1062.9,0
205,1,57.804322661832,26,3,-0.0834337087462462,90.8,2.9,"KategoriB","KategoriA",891.4,0
206,1,20.9030637983233,46,3,-0.483754401436259,62.1,9.8,"KategoriA","KategoriA",1216.8,1
207,0,77.5238886475563,NA,5,1.40421426662454,113.2,15.7,"KategoriA","KategoriA",777.1,0
208,1,30.4039798211306,39,6,1.05745553470749,46.2,0.2,"KategoriB","KategoriB",1082.6,1
209,0,55.8777452912182,38,2,0.0108935214923463,88.4,8.2,"KategoriA","KategoriB",1342.8,0
210,0,14.4934734795243,46,4,0.811596337597144,120.4,2.1,"KategoriA","KategoriB",1361.4,0
211,1,60.8324809931219,34,12,0.0354831066719591,101.4,4,"KategoriB","KategoriB",1325.3,1
212,0,57.4041955405846,33,7,0.621678419893599,103.9,11.1,"KategoriA","KategoriB",1164.2,0
213,0,80.3777454420924,46,4,-0.269613299516614,87.8,4.6,"KategoriA","KategoriC",936.1,0
214,0,38.880821201019,42,4,0.535245093861273,49,9,"KategoriC","KategoriA",1123.5,1
215,1,41.4219546597451,25,5,0.288687007413561,105,4.3,"KategoriB","KategoriA",1122.2,0
216,0,96.2664121529087,33,4,-0.304973781431335,149.5,7.8,"KategoriA","KategoriA",880.9,0
217,0,24.5043522678316,27,2,-0.982490848233815,54.9,11.8,"KategoriC","KategoriB",983.5,0
218,0,51.4518956653774,18,7,1.60338302606546,186.8,5.3,"KategoriB","KategoriB",1058.2,0
219,0,16.9288640609011,43,11,0.851115190377562,93.6,9.4,"KategoriB","KategoriA",1453.4,1
220,0,83.8585657533258,33,3,-0.89366483790148,91,6.7,"KategoriB","KategoriA",1332.3,0
221,0,80.073968344368,49,4,-0.338527465677187,89.2,6.4,"KategoriC","KategoriC",1285.7,0
222,0,33.6241915123537,44,4,0.626303078574784,61.8,23.2,"KategoriB","KategoriB",1419,1
223,0,3.57172500807792,54,10,0.743285759089484,179.2,17.5,"KategoriA","KategoriA",1417.8,0
224,1,75.6785959005356,31,4,-0.681055782840408,82.8,21.7,"KategoriA","KategoriB",1078.3,0
225,0,83.6160359205678,41,6,0.986657109826628,87.6,14.1,"KategoriA","KategoriA",692.5,0
226,1,11.1063953256235,33,6,1.28578905627004,130.1,1.8,"KategoriC","KategoriC",1102.4,0
227,0,67.9792514303699,30,8,-0.981564983083753,117.8,12.6,"KategoriA","KategoriA",1109,0
228,0,12.0823274133727,NA,4,0.520051094688712,58.5,14.5,"KategoriA","KategoriC",1015.1,1
229,0,53.9494445547462,42,9,-0.330296525226814,106.9,5,"KategoriA","KategoriB",1151,1
230,1,59.1678502736613,68,2,-0.627496223687711,46.7,2.8,"KategoriA","KategoriB",1451.7,1
231,0,6.91866837441921,43,5,0.814380643320526,86.8,15.6,"KategoriA","KategoriC",1280.4,0
232,1,29.0383211802691,45,3,0.833407742208701,91.9,24.4,"KategoriB","KategoriB",1461.1,0
233,0,82.0442624390125,31,5,0.793180946127424,129.1,7.8,"KategoriB","KategoriB",948.2,1
234,1,2.30625509284437,18,8,-0.298442237517044,87.4,21.7,"KategoriA","KategoriA",1495.5,0
235,0,12.5821113819256,36,4,-0.080252775348507,102,4.1,"KategoriB","KategoriA",1218.6,0
236,1,59.4293881906196,54,2,0.444423811233009,83.1,5.5,"KategoriA","KategoriB",1274.4,1
237,0,87.482852791436,49,4,0.193565493991125,67.9,2,"KategoriB","KategoriB",1410.5,1
238,1,82.3088888544589,47,5,-0.0201259248009217,106.4,11.1,"KategoriB","KategoriB",1129.7,1
239,0,78.3903118921444,52,5,-0.825734217163506,59.2,9.1,"KategoriA","KategoriB",1377.6,1
240,0,42.9543244186789,18,3,-0.110812318639322,196.2,18.9,"KategoriA","KategoriB",672.3,0
241,0,26.3269336428493,40,10,2.42880914627645,80.3,11.3,"KategoriA","KategoriB",1518.4,1
242,1,62.5841638538986,-5,7,1.32812176146637,132,8.7,"KategoriA","KategoriA",1377.8,0
243,0,79.8173946794122,45,7,0.225774113704358,196.3,4.2,"KategoriA","KategoriB",1404.3,0
244,0,81.2371303793043,41,3,-0.324678390276255,174,20,"KategoriA","KategoriC",944.2,0
245,0,40.0330653646961,54,2,0.0543459610077012,81.9,12.8,"KategoriA","KategoriC",1365.5,1
246,0,66.4006479782984,51,7,0.221971487565766,79.3,6.3,"KategoriA","KategoriB",1256.1,1
247,1,42.4000015016645,50,5,0.774477049558564,67,5.9,"KategoriA","KategoriA",1250.4,1
248,1,89.2485609976575,30,4,0.76882781035347,72.7,8.3,"KategoriA","KategoriB",1123.9,0
249,1,65.5761126196012,33,4,-0.128352220584476,86.8,2.8,"KategoriA","KategoriA",888.3,1
250,1,30.2095111692324,24,5,0.463721370237639,100.7,9.7,"KategoriB","KategoriA",1260.8,0
251,1,79.3660204391927,26,4,0.869726712526758,109.6,9.8,"KategoriA","KategoriC",979.5,0
252,1,41.1003229441121,50,11,-0.67144497553386,79.5,5.1,"KategoriA","KategoriB",1439.8,1
253,0,NA,45,5,1.01888295001338,178.1,3.8,"KategoriA","KategoriB",1195.9,0
254,0,38.340372312814,66,6,-1.15089486575799,92.5,4,"KategoriA","KategoriC",1368.1,0
255,0,16.125129070133,51,5,2.3361702852902,49.7,7.3,"KategoriA","KategoriA",1362.8,1
256,0,4.48986864648759,51,3,1.84139768027451,70.7,17.2,"KategoriA","KategoriB",1508.4,0
257,1,10.2181210881099,51,8,1.09982437388582,0,7.5,"KategoriA","KategoriA",941.7,0
258,1,39.2358332406729,46,4,0.733897685719137,82.5,4,"KategoriB","KategoriC",697.5,1
259,1,73.4409994678572,47,6,-0.518089704077364,129.8,24.6,"KategoriA","KategoriA",1052.9,0
260,1,67.965645971708,43,6,-0.492676419842942,NA,12.2,"KategoriB","KategoriB",718.7,1
261,1,78.8968406850472,18,5,-0.300791855353897,105.5,7.3,"KategoriA","KategoriC",936.9,0
262,1,53.8898833561689,31,7,-0.552836854454042,75.9,10.1,"KategoriA","KategoriA",1147.8,1
263,0,70.4110538354144,24,3,0.42218736217571,141.1,9.4,"KategoriA","KategoriA",800.9,0
264,0,47.1962968818843,40,9,0.465670562598156,84.1,6.9,"KategoriB","KategoriB",1478.5,0
265,1,61.9695267174393,53,4,1.05841927053054,155.5,29.1,"KategoriA","KategoriC",1046.5,0
266,1,83.9976595947519,42,7,0.162277924658032,71.4,3.1,"KategoriB","KategoriB",1494.2,1
267,1,78.1294436892495,31,3,1.37735237836577,79.7,5.9,"KategoriB","KategoriB",1323,0
268,1,26.5163608826697,39,2,0.0308611094232794,84.8,6.5,"KategoriA","KategoriC",1204.3,0
269,0,9.63876054156572,64,4,0.593924756212165,116.2,5,"KategoriC","KategoriA",1323,1
270,0,78.637321293354,34,6,1.28130410099778,226.4,5,"KategoriB","KategoriB",866,0
271,1,50.4947539884597,37,5,0.161343791786174,73.4,8.4,"KategoriA","KategoriA",1034.4,1
272,0,98.4085312578827,32,5,0.447604303272706,113.1,7.2,"KategoriA","KategoriC",978.7,0
273,1,NA,46,8,0.553443972280686,130.6,14.3,"KategoriA","KategoriB",1373.6,1
274,1,24.7478161938488,53,5,0.274837781213686,69.5,11.2,"KategoriB","KategoriA",1373.3,1
275,1,60.9154478646815,49,6,-1.44629076957502,84.2,14.3,"KategoriB","KategoriB",1523.6,1
276,1,41.4459499763325,22,4,-1.42133546778876,148.4,16.1,"KategoriA","KategoriB",909.7,0
277,0,57.4955261778086,22,6,-0.45371008104706,53.3,1.3,"KategoriB","KategoriA",1222.6,1
278,1,57.1938694920391,48,2,0.635852198806569,83.3,2,"KategoriB","KategoriA",1215.9,0
279,1,92.7195979049429,23,5,0.658306650950379,169.1,NA,"KategoriA","KategoriB",716.8,0
280,1,76.9499225076288,45,4,0.693296397345752,126.7,10,"KategoriB","KategoriC",1108.6,1
281,0,63.4627440478653,29,5,-0.824096041837174,81.5,9.2,"KategoriA","KategoriA",1043.9,0
282,1,3.52039209101349,40,6,0.0919434937112354,76.2,6,"KategoriA","KategoriC",1227,0
283,0,55.5426231119782,40,4,-0.740806271201118,75.9,11.8,"KategoriB","KategoriA",1418.7,0
284,1,43.757537775673,46,5,-2.04025082690185,110.6,11.7,"KategoriA","KategoriC",1129.1,0
285,1,98.8595275208354,40,5,0.252466199843127,120.5,12.7,"KategoriA","KategoriA",1364.7,0
286,0,70.3657180070877,30,4,-0.296212730241828,103.9,12,"KategoriA","KategoriB",1018.6,0
287,0,72.9845009045675,40,6,-0.0767811680034507,NA,14.6,"KategoriA","KategoriB",995.6,0
288,1,55.6590820895508,42,5,1.05504204409623,102.6,5.8,"KategoriA","KategoriB",1140.8,0
289,0,93.88644665014,38,7,-0.0610377549879568,85.6,-12,"KategoriA","KategoriC",1203,0
290,0,98.7833587918431,50,6,-0.451707076933438,89.9,10.2,"KategoriA","KategoriA",1335.5,1
291,1,34.7944613080472,27,5,-0.228448579794062,67.8,-5,"KategoriA","KategoriB",1124.6,1
292,1,83.2516044378281,54,1,-2.48474676302605,75.4,8.3,"KategoriA","KategoriB",1365.6,1
293,1,91.7840077076107,52,5,-0.724297264229978,54.8,13.3,"KategoriB","KategoriA",1378.2,1
294,1,20.3867411240935,30,2,-0.395894906654694,113.2,17.2,"KategoriA","KategoriA",928.6,1
295,1,36.3653813488781,62,8,-2.04421617431189,116.2,21.2,"KategoriA","KategoriB",1222.1,1
296,0,68.3645413257182,44,6,1.05879987166344,89.3,10.8,"KategoriA","KategoriB",1167.2,1
297,1,59.6819061320275,36,7,-0.399596639687114,147.1,12.8,"KategoriA","KategoriA",1122.7,1
298,0,69.7047594469041,27,4,-0.0589079348590572,139.5,3.1,"KategoriA","KategoriB",968.4,0
299,0,22.0757998991758,41,3,1.18772591749735,63.4,6.9,"KategoriB","KategoriC",1679,0
300,1,70.6478892825544,30,5,0.0256145834635134,82.9,12.3,"KategoriB","KategoriB",993.3,0
301,1,33.1347020575777,42,3,1.46772015495205,95,4.5,"KategoriB","KategoriA",1347.1,0
302,0,75.7200140273198,27,6,0.880289170549229,65.7,7.9,"KategoriB","KategoriC",1275.7,0
303,1,25.3461654996499,25,6,-1.60903478241777,126.4,4,"KategoriB","KategoriC",1175.3,0
304,0,7.59331230074167,64,2,1.84132255893243,125.1,6,"KategoriA","KategoriA",1395.9,0
305,0,83.4146388806403,28,3,0.624028389987938,94.1,18,"KategoriC","KategoriA",1025.8,1
306,1,96.8178130453452,34,2,0.874766873773182,104.2,11.3,"KategoriA","KategoriB",921.6,1
307,1,69.9748257640749,34,7,1.70676101870398,92.9,6.7,"KategoriB","KategoriC",1178.7,1
308,0,91.1217183806002,26,6,0.674426326038405,160.4,1.5,"KategoriB","KategoriA",988.3,0
309,1,54.6627603471279,25,3,0.460917859400402,108,44,"KategoriB","KategoriC",1136.8,0
310,0,58.88873252552,64,9,-0.0415364579955464,73.8,1.9,"KategoriA","KategoriB",1320.7,0
311,1,32.245349464938,57,8,1.64717657591899,104,4.3,"KategoriB","KategoriA",1329.9,1
312,1,65.7337511423975,28,6,0.523872535923356,124.8,2.6,"KategoriA","KategoriA",632.5,1
313,1,32.6798033202067,38,2,0.262556884676781,66.9,1.8,"KategoriA","KategoriA",1193.7,1
314,1,58.4042033413425,41,5,0.445913907415267,71,10.6,"KategoriB","KategoriB",1384.6,0
315,1,9.20238567050546,18,5,1.69474167935093,59.6,10.9,"KategoriA","KategoriB",1068.1,0
316,1,11.886219587177,45,6,0.412662044897637,56.4,8.2,"KategoriC","KategoriA",1756.1,1
317,0,17.4813823541626,47,5,0.500918474001651,64.9,5.6,"KategoriA","KategoriA",1423.5,1
318,1,44.0216154325753,41,4,-0.51402083686088,116.9,4.2,NA,"KategoriC",1011.6,0
319,1,85.0198929430917,43,4,1.41399712407749,90.9,32.8,"KategoriB","KategoriB",932.4,1
320,1,98.736191377975,18,3,-0.426276754451137,126.2,12.3,"KategoriA","KategoriB",1004.8,0
321,0,14.8254920728505,26,13,0.274627536401972,122.4,13.6,"KategoriB","KategoriA",1621.6,1
322,1,29.092392232269,69,10,-0.637437169068925,135.4,3.9,"KategoriA","KategoriC",1325.7,1
323,0,32.1491992101073,46,6,0.13925691810556,171.7,16.7,"KategoriA","KategoriB",1063,0
324,0,50.6339939543977,29,8,-0.417050588696286,158.2,6.6,"KategoriB","KategoriB",1192.2,0
325,0,43.7364152632654,49,6,-1.03507922995558,110.3,21.6,"KategoriA","KategoriC",1192.1,1
326,1,90.4273788910359,22,3,0.158863448418539,65.8,11.6,"KategoriA","KategoriA",835.2,1
327,0,31.2633841764182,56,6,1.20808106705265,84.2,14.7,"KategoriB","KategoriB",1346.5,1
328,1,13.1618329556659,29,4,0.373002310919001,60.5,2.4,"KategoriA","KategoriB",1244.3,1
329,0,9.01436645071954,49,5,-2.78113928369446,118.4,5,"KategoriA","KategoriB",1170.7,0
330,1,3.68950718548149,39,2,-0.110737872720179,133.4,12,"KategoriB","KategoriC",1258.5,0
331,1,22.614260786213,46,5,-0.0705911209558001,85.9,14.8,"KategoriC","KategoriB",1466.8,0
332,1,60.0886947475374,28,7,0.394840444422352,78.1,24.4,"KategoriA","KategoriC",1160.4,0
333,1,NA,57,3,-0.366354578194357,95.1,7,"KategoriC","KategoriA",1778.6,1
334,1,32.4825765797868,41,3,-0.650450507423061,161.9,9.3,"KategoriB","KategoriB",1171.4,0
335,1,51.3261477695778,43,10,-0.253978000619342,84.3,8.6,"KategoriB","KategoriB",1650.8,1
336,1,14.5534386625513,35,11,1.76038343017563,129,9.3,"KategoriA","KategoriC",915.7,1
337,1,9.16058500297368,54,6,-0.269836194151358,69.2,3.1,"KategoriB","KategoriA",1768.5,1
338,0,15.2180642588064,NA,3,-1.36420168285304,68.1,5.5,"KategoriB","KategoriA",1248.2,1
339,0,85.3911491343752,37,6,-0.577100043281174,101.9,7.8,"KategoriA","KategoriB",1206.4,0
340,1,45.371206686832,38,4,-0.667380511515705,111.8,7.6,"KategoriA","KategoriB",940.9,0
341,1,41.2194980541244,38,5,0.235724457277399,79.5,4,"KategoriA","KategoriA",1385.5,1
342,0,65.9714255481958,37,6,0.337096720884359,78.4,6.4,"KategoriA","KategoriB",1050.1,0
343,0,93.2694870512933,48,4,-1.00697932306711,103.9,2.2,"KategoriA","KategoriB",951.1,1
344,0,NA,29,14,-1.89930034486414,89.4,19.1,"KategoriA","KategoriA",1277,1
345,0,18.163905153051,31,6,-1.64003126190706,80.4,12.4,"KategoriB","KategoriA",1473,1
346,0,45.9864617325366,30,5,-0.181745932482082,108.6,14.2,"KategoriB","KategoriB",1209.4,0
347,1,87.0825237128884,38,6,-0.28090630920186,127.1,13.6,"KategoriA","KategoriB",1206.7,0
348,1,53.0571947805583,37,12,0.955739053416358,64.3,5.1,"KategoriA","KategoriA",1273.6,1
349,1,40.0763571029529,22,4,-0.179478810040894,62.3,13.6,"KategoriA","KategoriB",1421.5,0
350,0,71.1729146307334,50,6,-1.43862414139567,71.1,4.8,"KategoriA","KategoriC",1414.9,1
351,0,74.6335603995249,28,5,0.74747578929214,156.1,25.7,"KategoriB","KategoriB",937,0
352,1,NA,41,2,0.54572843425111,45.8,6.4,"KategoriA","KategoriC",1080.9,0
353,0,92.7135395584628,30,6,1.27702075090744,113.5,5.8,NA,"KategoriC",692.2,0
354,1,14.7546204505488,40,6,0.554693007608009,125.8,6.8,"KategoriA","KategoriB",980.8,0
355,0,51.8836183240637,45,4,-0.478843564829351,113.6,5.3,"KategoriA","KategoriA",1232.3,1
356,0,25.5601117853075,48,7,-0.170992100529248,78,10.6,"KategoriB","KategoriB",1547.6,1
357,1,47.1091700950637,36,3,-0.769414006335426,110.5,8.6,"KategoriA","KategoriA",1055.9,0
358,0,98.4508586814627,63,7,-1.18353522739927,124.1,25.8,"KategoriA","KategoriB",1303.8,1
359,0,65.5615337891504,30,5,0.356161029134793,103.3,10.7,NA,"KategoriA",1295.6,0
360,0,91.4529057918116,34,5,-2.22251970366393,87.3,15.1,"KategoriB","KategoriB",873.7,0
361,1,65.6541758216918,NA,5,-0.0910420895896026,65,5.5,"KategoriA","KategoriC",1471,1
362,1,0.216474826447666,37,4,-1.1828727891316,90.2,3.3,"KategoriB","KategoriB",1160.9,1
363,0,63.9768651220948,42,1,-1.11407607991944,153,18.8,"KategoriB","KategoriC",942.7,0
364,1,39.6773296408355,26,3,-0.907351463019366,123,19.1,"KategoriA","KategoriC",1068.4,0
365,0,60.6194505933672,50,5,-0.129729882103101,57.2,11,"KategoriA","KategoriA",1191.9,0
366,1,20.3521890565753,57,6,0.394352684599534,110.9,8.2,"KategoriA","KategoriB",1198.3,0
367,1,66.5424119215459,49,3,1.15433468807273,99.6,22.3,"KategoriA","KategoriB",1240.2,0
368,1,2.95616479124874,35,9,0.730028489476844,80.4,17.3,"KategoriB","KategoriB",1529.3,1
369,0,61.6596659645438,37,3,0.35915691896391,47.2,13.1,"KategoriA","KategoriB",1498.9,0
370,0,62.3844466870651,27,5,0.0306042412529037,122.7,11.5,"KategoriB","KategoriB",1004.4,0
371,1,61.71040518675,45,7,1.62796444517558,89.8,21.4,"KategoriB","KategoriC",1353.7,1
372,0,56.1827315250412,43,4,-0.624050274169287,46.5,18.1,"KategoriA","KategoriA",1350.5,0
373,0,79.4343091314659,27,3,0.652094343811998,156.2,12.9,"KategoriA","KategoriA",702.1,0
374,1,54.6080668922514,19,4,0.82056952409481,87.6,12.9,"KategoriA","KategoriA",980.9,0
375,1,69.5828221505508,36,4,0.70868508427738,99.8,12.1,"KategoriA","KategoriA",1179.1,1
376,1,46.9042320968583,53,2,1.23473997616292,110.6,7.5,"KategoriC","KategoriB",1097.9,0
377,0,87.7884218702093,47,4,1.16793806271976,207,15.1,"KategoriA","KategoriA",872.7,0
378,1,90.6631561694667,49,4,-0.406150999262727,71,16.7,"KategoriB","KategoriA",1377.3,1
379,0,16.7752558132634,34,6,-1.5410783943415,101.8,7.5,"KategoriA","KategoriA",1195.9,0
380,0,3.61078197602183,36,6,-0.966180340424479,107.3,3.9,"KategoriC","KategoriA",1464.5,1
381,1,21.0877267643809,38,7,1.39449540986366,122.7,15.4,"KategoriA","KategoriB",1319.6,0
382,0,59.8159266635776,55,3,-0.335227556818648,40.4,10,"KategoriA","KategoriA",1365.7,1
383,1,90.589426853694,48,8,0.558599965989956,72.6,18.8,"KategoriA","KategoriC",1263.1,1
384,0,18.8260916387662,36,5,-0.145411738627271,90.2,2.8,"KategoriB","KategoriC",1276.5,0
385,0,75.6670532282442,37,6,-0.926917091317056,119.1,3.9,"KategoriA","KategoriA",1133.7,0
386,0,80.2351225167513,48,4,0.308824143799108,139.6,4.3,"KategoriA","KategoriA",760.4,0
387,1,57.9879179596901,18,3,-0.254520682743289,87.9,10.2,"KategoriA","KategoriA",852.2,1
388,0,50.7448286749423,36,4,-0.322851971553186,44.8,23.2,"KategoriA","KategoriA",1303.4,0
389,1,46.6343817533925,68,2,1.82201490968245,158.5,3.1,"KategoriA","KategoriA",1331.1,1
390,0,93.7434635823593,34,5,-1.1974675588479,102.1,2.2,"KategoriA","KategoriA",1153.3,0
391,0,87.8489759983495,41,3,-0.617441170350985,87.9,9.3,"KategoriA","KategoriA",966.6,1
392,0,86.1979249864817,35,5,0.218244002255081,98.9,11.4,"KategoriC","KategoriC",1032.5,1
393,0,78.5890076775104,44,5,-0.332266725699569,159.1,14.7,"KategoriA","KategoriA",990.3,0
394,1,82.4116975534707,36,5,-0.0576414666263878,87.5,3.2,"KategoriB","KategoriB",986.5,1
395,1,71.6360811376944,NA,4,-0.20369014165941,115.4,9.4,"KategoriA","KategoriA",1077.7,1
396,0,72.6139973383397,30,3,-0.757250564552383,124.3,5.8,"KategoriA","KategoriC",1060.4,0
397,0,76.9471861422062,41,4,2.01910814604933,90.1,5.1,"KategoriB","KategoriB",1325.2,0
398,0,19.8811131762341,48,6,1.95348244456127,137.4,4.4,"KategoriA","KategoriA",1308.3,0
399,1,68.378483178094,22,6,-1.47155107201768,92.7,30.8,"KategoriA","KategoriB",914.5,1
400,0,79.4584275456145,44,1,0.685713970807163,73.6,0.7,"KategoriB","KategoriB",1351.3,1
401,0,14.3400792963803,18,7,-1.72174881499652,91.9,11.9,"KategoriB","KategoriA",1131.7,1
402,1,48.9917431725189,65,6,-1.20899734465293,79.9,3.3,"KategoriB","KategoriA",1679.5,0
403,0,56.595590361394,47,4,1.25562752908851,78.6,13.6,"KategoriA","KategoriB",1224.4,0
404,0,62.4903791351244,44,2,-0.749816176188863,98.3,10.3,"KategoriB","KategoriB",1416.2,0
405,1,39.4527795026079,33,3,-1.11100811332207,53.7,2.7,"KategoriC","KategoriA",1425.2,0
406,1,11.895644525066,54,5,-0.357032407312527,169.5,9.9,"KategoriB","KategoriA",1173.5,0
407,0,33.8749343063682,36,9,0.624338143772352,89.1,6.6,"KategoriB","KategoriA",1665.2,1
408,1,90.2057957137004,31,6,1.29132920471257,88.2,3.5,"KategoriA","KategoriC",1088.9,0
409,0,17.2522360691801,NA,5,-0.407563169316413,203.3,1.6,"KategoriA","KategoriC",603.7,0
410,1,68.5631290310994,18,6,-2.08670444990126,86.2,16.1,"KategoriB","KategoriC",1206.9,0
411,1,21.2835573824123,48,6,1.6200865968104,109.6,11.3,"KategoriC","KategoriC",1228.1,0
412,0,50.2287200419232,38,3,-1.58218531502827,87.7,9.2,"KategoriC","KategoriA",1329.9,1
413,1,99.5415842859074,46,5,0.924850519536445,155.3,1.5,"KategoriA","KategoriB",918,0
414,0,38.3020972134545,36,8,-0.448337207972223,80.7,9.8,"KategoriA","KategoriC",1366.2,0
415,1,55.6888519087806,NA,6,-1.14954181477144,123.3,11.9,"KategoriA","KategoriA",813,1
416,1,92.1717650722712,25,6,0.548306941310389,87.1,7.5,"KategoriA","KategoriC",977.2,0
417,1,76.643969793804,47,4,-0.159900756778069,83,19.9,"KategoriB","KategoriA",1420.2,0
418,0,20.9547043545172,26,0,-1.05086803345814,89.5,4,"KategoriA","KategoriA",862,1
419,1,62.8938260721043,59,4,-1.7135022932071,55.7,3.2,"KategoriC","KategoriB",1607.4,1
420,0,38.6565001448616,49,9,-0.0818098078267058,77.4,10.7,"KategoriA","KategoriB",1494.3,1
421,0,73.8172239158303,49,6,0.160252394443772,81.7,3.2,"KategoriB","KategoriC",1029.9,1
422,0,47.7114111650735,44,5,0.0191984329247938,123.7,1.7,"KategoriA","KategoriB",975.7,1
423,0,67.2346562845632,46,5,0.964451047962734,188,8.4,"KategoriA","KategoriA",937.7,0
424,1,44.6789828361943,35,4,1.26435661526579,196.8,13.5,"KategoriB","KategoriC",1100.4,0
425,1,43.3740229345858,45,7,-1.36844612466507,91.9,15.4,"KategoriA","KategoriC",1175.5,0
426,0,31.1654103221372,35,2,1.03473866052829,115.5,9.3,"KategoriB","KategoriC",1123.3,1
427,1,91.8494826648384,27,7,0.997067233067302,138.6,3,"KategoriB","KategoriB",1100.7,0
428,0,5.62871466390789,65,5,-0.460298676178744,44.8,14,"KategoriA","KategoriA",1592.3,1
429,0,42.3016536282375,110,2,0.609396171720738,66.4,14.5,"KategoriB","KategoriB",984.1,1
430,0,93.6356452293694,33,7,0.0211831721912898,131.4,14.1,"KategoriB","KategoriA",976.3,1
431,1,17.1549953520298,37,5,-1.49425588751518,46.6,6.9,"KategoriA","KategoriA",1055.8,1
432,0,59.6076130634174,40,9,-0.460220967436515,110.3,15.4,"KategoriA","KategoriB",1348.3,0
433,1,32.1228387765586,19,5,-0.827833075585435,84.8,8.9,NA,"KategoriB",1257.2,0
434,0,66.5907181566581,45,8,-1.33089206900811,90,12.2,"KategoriA","KategoriB",1326.3,0
435,0,0.780942384153605,57,3,-1.194644301742,50.5,NA,"KategoriC","KategoriB",1588.4,1
436,0,93.5703792842105,19,7,-1.04826148699158,111.1,5.8,"KategoriB","KategoriB",708,0
437,0,93.787722941488,36,5,0.810821577458544,85.4,4.4,"KategoriA","KategoriA",904,0
438,0,42.6248211646453,31,4,0.701007118230457,58.6,0.6,"KategoriA","KategoriC",1105.9,0
439,1,44.2305938107893,36,4,-1.37039192096912,98.3,14.2,"KategoriB","KategoriA",1107.2,1
440,0,40.6234975671396,40,3,0.158064985670979,95.8,28.7,"KategoriB","KategoriB",1280.2,0
441,0,59.6423062728718,52,4,-1.83528325854428,131.1,1.9,"KategoriB","KategoriA",1349.6,1
442,0,78.956198762171,35,8,0.043738279174769,310.1,13.3,"KategoriA","KategoriB",637.6,0
443,1,6.2345580663532,29,6,0.682181166690032,84.6,1.3,NA,"KategoriB",1360.2,0
444,1,39.1988608287647,54,5,-0.0329791431414798,78.9,11.9,"KategoriA","KategoriA",1449.1,1
445,1,51.2580964947119,42,7,-1.83307754778341,99.7,7.1,"KategoriB","KategoriB",1269.7,0
446,1,52.291676052846,28,6,0.508441806513772,139.3,21.8,"KategoriB","KategoriC",1333.5,0
447,0,33.1057216972113,40,5,-0.221777706584062,164.1,39.6,"KategoriA","KategoriA",1199,0
448,1,55.9347133850679,31,5,-1.42887989789198,62.9,7.8,"KategoriC","KategoriC",1361.4,1
449,0,79.5403092401102,39,6,-1.16985354066581,82.7,0.9,"KategoriA","KategoriB",864,1
450,0,61.2367192050442,35,5,0.810596487602586,174.5,4.1,"KategoriB","KategoriA",811,0
451,1,83.9896884514019,45,6,-0.798449344236064,69.2,3.9,"KategoriB","KategoriA",1292.8,1
452,0,44.158642180264,43,5,-0.88653755226414,74.6,2.8,"KategoriA","KategoriA",916.1,1
453,1,27.0782351726666,40,11,0.203685896942466,226.5,17.9,"KategoriA","KategoriB",999.7,0
454,1,62.3103164834902,43,6,0.140486216800927,112.8,3.5,"KategoriB","KategoriB",1339.2,0
455,0,51.6432190546766,30,4,-1.96757267207386,43.5,4.8,"KategoriA","KategoriB",1103.9,0
456,1,1.8903850344941,46,7,-0.781434689478963,100.3,8,"KategoriB","KategoriA",1384.6,1
457,1,94.0525118960068,44,6,0.802788109591339,109.5,5.7,"KategoriB","KategoriA",1110.1,1
458,1,33.3294212119654,44,4,-0.144584467345903,168.2,24.7,"KategoriC","KategoriA",1332.4,0
459,1,11.8969417875633,22,7,0.875470936979868,81.6,5.8,"KategoriB","KategoriC",1143.1,0
460,0,53.2031186623499,18,7,-0.630355605593486,149.9,10.4,"KategoriA","KategoriB",774,1
461,1,47.5470134289935,42,6,-0.26953735513737,101.2,10.7,NA,"KategoriB",1082.7,1
462,0,37.1348852291703,36,7,0.00387858849064455,69.3,0.7,"KategoriB","KategoriA",1196.1,1
463,0,79.9869381124154,31,4,0.437273108111344,129.7,19.1,"KategoriA","KategoriA",826.8,0
464,0,NA,31,5,2.43602829462635,123.3,8.2,"KategoriB","KategoriA",1289.8,1
465,1,50.5640547489747,32,4,-2.40595045244932,80.6,7.9,"KategoriB","KategoriB",1180.5,1
466,1,82.9656419577077,69,8,0.883769357522906,56.7,16.2,"KategoriA","KategoriB",1401.6,1
467,0,86.3326432881877,36,1,-1.62955357810084,97.4,2.9,"KategoriA","KategoriC",1030.1,0
468,1,93.8194750808179,54,8,0.58835163674572,NA,27.7,"KategoriA","KategoriC",1101.9,0
469,1,15.3849791269749,48,5,-0.620467999144566,116,10.4,"KategoriB","KategoriC",1074.2,0
470,1,3.05073731578887,34,6,-0.87691084005336,80.5,13.9,"KategoriC","KategoriB",1456.6,1
471,1,87.0618685614318,50,5,1.57085343726175,NA,8.6,"KategoriA","KategoriA",1307.9,1
472,1,72.1977588022128,54,6,1.14044270196283,153.7,7.8,"KategoriA","KategoriC",1002.9,0
473,0,12.1420713607222,36,4,0.0520961232032182,72.5,10.2,"KategoriA","KategoriC",1293.3,0
474,0,30.2530142944306,47,4,-0.87731004470022,153.8,6.8,NA,"KategoriB",1170.5,0
475,0,27.7432010276243,18,6,-1.28350157940062,170.6,4.9,"KategoriA","KategoriA",924,0
476,1,30.8308318955824,58,6,-1.01348281838526,118.2,9.2,"KategoriA","KategoriB",1346.4,1
477,0,56.1996206175536,30,5,1.48125313760769,82.8,10.4,"KategoriB","KategoriA",1130.6,0
478,0,60.3295989567414,33,4,-0.857252936508241,-50,NA,"KategoriB","KategoriB",963.4,0
479,1,31.9741361774504,32,3,0.283650972782774,65.3,6.5,"KategoriA","KategoriA",970.9,0
480,1,38.2169967750087,53,10,-1.19383299281934,117.9,11.7,"KategoriB","KategoriB",1316.2,1
481,0,2.9725237051025,48,7,0.418480777557585,102.4,21.4,"KategoriA","KategoriA",1131.9,1
482,0,35.60982698109,33,5,-1.10206984868713,67.5,2.1,"KategoriA","KategoriA",1001.1,1
483,1,99.7209783410653,42,5,-0.549255119544823,80.9,7.6,"KategoriA","KategoriC",746.3,1
484,1,42.4486956791952,28,6,-0.287073238350908,NA,1.1,"KategoriC","KategoriA",948.9,1
485,0,93.469590623863,53,5,-0.202663453244346,87.7,9.6,"KategoriB","KategoriB",1287.6,1
486,1,0.971639319323003,21,9,1.40227887680068,85.9,3.4,"KategoriB","KategoriA",1172.1,1
487,0,35.0245957961306,25,5,0.747101398678269,66.6,6.3,"KategoriA","KategoriA",1169.7,0
488,1,58.453074330464,31,6,0.913108525370643,80.4,12.5,"KategoriA","KategoriC",1403.6,0
489,1,75.4524579504505,33,7,0.498070482465911,99.2,10.4,"KategoriA","KategoriB",1103.6,0
490,0,57.8397836769,53,7,0.00514418237511392,55.4,10.2,"KategoriA","KategoriA",1307.5,1
491,1,41.4380266796798,53,4,2.06560158798441,104.1,5.3,"KategoriB","KategoriB",1513.6,0
492,0,24.8319338541478,33,6,1.22000278170625,66.8,14.3,"KategoriA","KategoriA",857,0
493,1,68.4794204309583,25,6,0.941540423300687,113.1,12.8,"KategoriB","KategoriB",1060.5,0
494,0,34.806105075404,59,7,-0.569908351517837,117.4,7.7,"KategoriB","KategoriC",1387.7,0
495,1,97.1452989149839,95,5,1.45154870497878,80.3,6.5,"KategoriB","KategoriC",911.2,0
496,0,59.4511849340051,52,4,-0.716459758894799,260.3,6.2,"KategoriA","KategoriA",875.8,0
497,1,98.3979151118547,46,9,0.40418869179924,51.6,6.6,"KategoriA","KategoriA",1319.4,1
498,1,NA,32,4,-0.81078950260877,63.1,18.1,"KategoriA","KategoriC",932.6,0
499,1,56.1337490566075,23,4,0.12962614400979,131.6,2.5,"KategoriB","KategoriA",817.8,0
500,0,29.8824299825355,62,2,-1.12148209855633,119.2,3.9,"KategoriA","KategoriA",1397.8,0
