"x1","x2","x3","x4","x5","x6"
-2.22861834051788,-0.275991360765429,-0.787418960455479,0.590127839782112,-2.35417528257612,-0.919759841726064
-1.79923073632826,2.51582221130739,0.411670594222738,0.296950330326869,-3.24679586991697,-0.607839430347258
0.526320808393861,0.580419534455734,-0.116726912548833,2.05625092589457,-0.165620964052899,0.919431158635389
-1.40833909114805,-0.038615435184049,0.93454252874569,-0.796045253548118,-2.98810369053455,2.79467267225219
-1.33192594429077,0.716464517270684,0.644723224923723,2.29954919816916,-0.997811204970527,2.01846381213929
0.729584482948266,0.763388926781737,-0.793710439719912,2.29622872933884,-0.67467783224717,-0.374394463065331
-0.900808932214037,2.33190434765637,0.0294348810919098,-0.797933538603123,-0.266972392602351,1.65629206230649
-3.14457960498849,1.10168475063664,-1.82357236357345,1.9592379968508,-0.753745891230746,0.432004306141196
-2.39290870746158,1.90486454222143,0.699692215259046,4.64533997851676,-1.95270994818626,0.921839112405766
-2.07936056112995,0.400849579393287,-1.1454536744381,0.164176777087588,0.2822756178641,0.864506087031182
0.0913063366713004,1.25733437149792,2.8834826953035,2.26735636211211,1.26022389697812,4.10562966921275
-1.03224202482543,0.610376906210998,-2.81146845396346,-0.173302768429105,0.145532451603076,-1.15940433482211
-0.978997114227732,1.11350023380829,-1.14958214015242,2.6660671273042,-3.52674617172117,0.641287802618
-1.35611246927134,-0.0744360295730499,0.65553180786294,1.37473707988984,0.819449041023827,-1.99196820315466
-2.2225934751803,-0.572961839993566,0.214185565630129,3.47787308743475,-1.07287273004215,1.32577029214226
0.822987077844002,3.39665606169756,-1.325273453921,-1.18845609280537,-0.317611436884923,2.03525186040997
-0.852794378301989,1.7208505884069,-1.89549303909053,0.923053170811958,-0.191356793367622,2.52392713754161
-4.05660230361853,-0.501525633949932,-0.297734013405025,0.209612235811603,-1.12569189516872,-2.19520335257197
-0.588237327967209,0.266600899983495,-0.520030378433679,0.704102696385551,-1.09784215694334,1.07787729607164
-2.11462883004631,-0.422576101516773,-3.00639373216968,0.0556318859709927,0.32490419013017,2.73071793193711
-2.8881708177829,3.63857241866046,-0.451628506012609,-0.250765370802501,-0.0749175007678831,-0.0796222082592243
-1.78336738905578,2.57489557172021,-0.23367755803056,1.86808356192467,0.2873409198575,0.202989255085271
-2.83380578279941,0.681825931964376,-0.255383044225422,-0.63137107111539,2.09780470379943,0.448847888913362
-2.44755859807848,1.65183287107851,-1.97702385964375,3.22604639733442,-0.136259377197687,1.01102625200625
-2.31255104820403,0.502792062497368,0.16658658962368,-0.779309877970626,-0.730404495399101,1.43122382604436
-3.69270130396514,0.428503726461306,1.42999819174294,1.15161872709292,-3.87382304374831,2.34494923719607
-0.410876842157118,0.053676594579709,0.138730964451738,1.79948393023972,2.49922820421995,0.366317373377011
-1.30061494681253,0.286459279048587,-2.08982385852408,1.88010300863894,-1.6274798683352,0.774789263661456
-2.97957801811553,2.98108896080403,-1.10990365756867,0.54738000420043,2.08715512962401,3.98319702811005
0.129959397390905,0.935166249897471,-0.0154549326249505,1.1192529929926,-0.512963361593516,1.10353849936099
-0.945596512080142,1.1430942837131,-1.40586388384558,2.44189622771452,0.999959258565832,0.764254353061767
-1.88359292788995,1.29242491551891,-3.52070486902139,-1.18469887561464,-1.14262341752911,-1.37914037539683
-0.336336640641471,2.47897105418241,0.737951148039492,-0.172609567298123,-0.335088018892437,0.503998466671117
-0.358426466207045,0.380723402866264,-1.66126865627433,1.48060347147492,-0.72185462646506,0.190143385566367
-0.431944593871267,-0.191008580470445,-1.3029843790756,0.332827032494513,-1.24195690918554,0.484535838266877
-0.604767669669882,3.01083631888383,1.60546085260635,3.0550059909565,-1.15651197200924,-0.305584697779633
-0.779907050401135,0.470604139713657,-1.58380290144757,2.00988079503225,0.316684636597531,-0.461541913419781
-1.58048522374974,0.132320836072152,0.684024156265014,1.10825012862213,-1.26189559106295,-0.50908308454817
-1.89775146286189,-0.483527742659951,-2.26495603034628,-1.26163597630502,-3.64898724277304,0.199693678440316
-1.9946123013161,-0.541658866781356,-0.996359364303569,1.03915033798936,-1.25465602347878,2.41538570724008
-2.40311907259667,0.311231824842416,-0.60297842679107,0.52537619770451,-0.298272212802844,1.96872127718306
-1.77029246142548,1.74158298059983,-2.1361119941941,0.846480229719103,-0.198607568743129,-0.00396516512027904
-3.14501525703874,2.33181776671566,-1.38864757087247,-0.772338840583528,-0.198461837279336,-1.86028303635424
1.31964275494007,1.84910602460271,-0.54037817409964,1.74798706574489,-3.19973197712981,-0.682416799950335
0.0703505977964877,0.563611243485697,0.438974356227502,-0.55843466046055,-0.520635324585447,-0.140864746536711
-2.96004115816435,1.07169992486152,-2.81076516079515,0.660667027836386,0.258216972931183,0.645093205919626
-2.0237502858888,0.154484243583916,-0.989655934895776,1.57213874417703,0.659552285907954,-0.42765018598114
-2.10665195971018,0.139338206111188,0.558969013963677,-0.175273683519572,-1.29244965235735,3.30935296716465
-0.486045346162787,2.0615805987723,-1.25433282396863,1.8744871085201,-1.41846036203764,0.118825451814309
-1.60837978641338,-0.218711094324253,-0.181791309657881,-0.974765602477539,0.934189181441451,-1.19952225833531
-1.17068593180682,3.34635275859096,0.189119998090204,-3.21466201844081,-3.16830645951312,0.302233539804481
-1.53711078195331,0.891616487240978,-0.125030978535644,1.69745198617878,-1.56787896998706,-0.907528614230779
-1.55573159447871,1.25744659195506,0.414560751259934,2.2608097404415,-0.405299296835309,0.718617990185457
0.279182969218795,0.113766754312512,-0.671792125368332,0.571231864612924,-3.10310589499559,0.827087059725817
-1.79350228135705,0.310733572284077,-1.07914711902897,1.75618938188741,-0.636483778838715,0.997822656279738
0.471411785758402,-0.58041935876629,-4.20040853284057,-0.733874787625507,1.44122322736785,-1.7706015627739
-3.51337864549929,0.780489533952727,-0.630117425871261,0.809277089761507,-1.00527884946724,0.808995807358908
-0.74000212547311,1.50277888590936,0.102398574903982,-1.91227756406093,-1.36199023245266,0.934630112758304
-1.338989483002,1.38916521299366,0.24955837721541,2.77177133715778,-0.38261477175573,-1.48955182650628
-1.21927596063284,0.0621562155342985,-1.27738969183855,3.78986629231474,-1.3627938220235,1.83751189562258
0.493531327587847,-1.9463463650248,3.49130407368521,1.61101839042298,1.55742048630278,0.0978392307320725
-0.653020489042093,-1.60263846201143,1.40099418748035,-0.0410204496206127,1.6757661037846,2.21946710561622
-0.433169598770246,0.795272803815621,1.17684220184244,-0.0499955134138789,0.503499159599157,-0.780615817673981
-1.32414799803922,-2.36476434479889,2.78117349125593,-2.27410143472665,-1.02969980507465,-0.934573061474799
-1.39332859441825,-1.21486191325624,-0.00585270984696296,1.18557801583234,-1.21368694569681,-0.864779832284589
0.394587233825535,1.28283418601471,0.369525926505403,-0.316101271037664,-0.270896575351912,-0.902327276739579
0.582672712218254,-1.12116986239457,4.35643347206967,-0.985114388041613,1.53659465071479,-3.58786188547273
0.0689054947496554,-2.63180884458567,1.01558086210924,-2.11803868898746,-2.045666727054,-3.33957788209914
1.19894770824366,-1.79772332232887,3.28699578997163,-0.449643744969408,-1.95222270635231,-1.10855455350768
2.66511009131529,-0.417448025314146,-1.01390930288033,-1.27359170252506,-0.349913772188133,-1.8134943327931
-0.638340515873496,-1.45072344600373,0.733276477139938,-0.595545780491755,1.01271330237476,-0.923368864919605
-3.00191953833306,-1.67425163625974,1.52979346509156,-1.8263999816454,-0.68763586261449,-3.95569172256474
1.30746008180093,-1.41270068095415,1.42005396328812,2.53138422441855,1.65277374822488,-3.09817755633746
-0.92196099135711,-0.891404023432935,-0.407890763315171,-0.0240037908119533,0.933380961201737,-2.54207681451424
-0.894411201407565,0.918210525374991,1.02696298447552,1.61241761590858,0.278168496289807,0.380481509484346
1.33324278060571,-1.10627813456666,-0.508388914356775,-3.90254950538648,1.56447657749131,-2.53788600992616
-0.370204909166311,0.296959395381821,1.997784655342,-0.679796744992256,1.00487471166518,-2.11931953500714
-1.5869330259309,-0.24309506121932,2.5186851258049,-1.01322343738811,-0.0797155353758029,-0.888176653856326
0.235694523673895,-1.13636787460737,-2.11498277508238,-1.83438926904887,0.800449414743608,-1.45184490655515
-0.180558771170758,-2.83948240346872,2.7299708472202,2.31991373133614,1.34176736537087,-0.795015949864853
0.00749344166985301,-1.62534078106302,-0.737462295531887,-2.12292287965424,0.963168348320661,2.22708677486397
0.50086452146423,-1.58784454376617,1.63667697657569,0.477585390612038,-0.355413270334322,-2.57444513976153
-0.481858041330132,-0.943414680686167,1.92386369339965,1.26965442836954,1.61176286658345,-1.42765749587373
0.837689513074483,0.560238413200185,0.720154240657994,0.267285282627035,1.9988170932262,-1.72346322964123
-0.286632530364376,1.75169476859731,0.0968404603962917,-1.31288321624327,0.859156923506338,1.11735359756544
0.431316553090406,0.857097270780523,1.23144942973887,1.41174871008625,0.687336061200843,-2.07727889204639
1.42589071709415,-1.15978115719473,1.61434618100024,0.255882122761257,0.401687394986211,-1.11492166528601
0.565735938083944,-3.10783287466916,2.23662394792819,-1.59524685957306,3.30984060019362,0.101987060051791
-0.423711061190595,-1.46653583688609,-1.87327177746273,-2.08207357140309,0.859210191776531,-2.48202675032776
1.49344990398642,-0.892951332312047,-1.29093097528263,3.13007615173972,0.294217762690073,1.31724614203881
1.29155501275076,0.0140156048809231,3.00256327766346,-1.01775471812766,-2.76029314285643,-0.0539326183360557
0.712916047360491,0.155033562181125,2.46528038595617,-2.78335748087706,-1.53486629453969,-2.5038892533425
0.310351255644874,-0.178828684700243,1.60940452847075,0.799889044130478,0.399024839206266,-0.363591067319167
-0.816277898851183,-2.67432921975936,2.00124976995548,0.465345384091343,0.768182258296027,-1.2986300005263
1.76884818308901,0.0195716547600261,2.2840448846974,-2.0307515035839,0.859934196520099,-0.561479719207932
-0.780337463291265,-1.53586865971267,-2.72529191785195,-2.91443462037292,1.5679588145832,-1.12596527582193
2.84353289092155,-0.790236759806493,2.55438793529435,-0.174453775737908,0.247601867883406,0.498722451489681
1.99239381404075,-0.910538587391518,0.321017364812745,1.70909443756413,2.07896543282733,-2.89154053998467
-0.30641046683062,-0.486199882035393,1.32286356288368,0.954186052773223,-0.697970855730451,-1.73166337607428
-1.33434717039881,-0.970390020608632,0.586779078762992,-0.739406136242966,-1.07097553657599,-1.34886694885756
-0.923528532809091,-3.0009701171028,2.22075093571024,-1.25128234737657,-1.09768203081996,-2.39411821479187
0.333948821903488,-0.11620484227187,0.512138571462145,0.406600135125818,1.46498613144247,-2.45593706127267
-0.320699442001086,-0.536768117980389,1.72590527224355,0.236030020824236,0.392204074959006,-1.02517233680733
-0.451805379217053,-1.31878195033387,0.453041029905429,0.944567620039092,1.52676329836665,-1.18504518599943
-1.23710413744452,-0.858226586743983,-0.529902092742108,-0.593696925433345,0.15198165197579,-4.5690798846506
-0.0585360422515964,-0.839153625557844,2.69401471461637,1.34903107980465,-0.269459732876656,0.456802838007127
-1.0203758102942,-0.734776637726797,2.03726001578398,-1.24621729100437,0.0211416523355421,-0.650383969620734
-2.16832451756458,0.969015399172983,3.41396713481903,-0.495817050179945,-1.90840187151425,2.38269032240766
-0.494294476374091,-1.26286045472017,1.09121550561102,1.11122178558886,-1.02049983853835,-0.0407224667284645
1.194695591779,-0.798321539338411,2.57500384415944,1.48495741294067,-1.37464504026599,-1.62574303254679
-0.747951051390909,0.402060647682911,3.76558667562671,-2.90775705218007,1.87061895356795,2.91634760574134
0.790353618892543,0.265017228052303,0.605925038945447,0.160785610524229,-0.27652911877164,2.96511643348171
-2.10324752077591,0.374315732456429,-0.852131557857302,0.913168517601945,1.52629780862723,-2.70619654280625
-0.0722305551819013,-1.69296160127147,0.664907806006637,-2.17623647023595,2.47143778219955,-0.343355261662407
0.675229365126501,1.4029792763514,0.700342264020463,0.720938399812826,0.250692748157075,-1.29574568608501
0.391499370816729,-0.91995895488378,1.21235270631305,-1.2422614055952,0.869042578258057,-0.738128394824383
0.137379052393626,1.24022221364823,3.397226968247,1.53037951824664,-1.7763877752149,-0.681440180003661
-0.83291781079699,-2.62108322323685,0.543398550492513,0.807723048153961,-0.564270710775743,-2.76666064801667
-1.10461564984366,-0.974819696374915,1.52220651812688,1.15357844249341,0.57307930419769,-0.600174587660414
-1.33136742778639,0.499897485163058,0.681242309146256,0.181078993930551,0.888812974336998,1.44894630839851
1.65294057623016,-0.358290624667355,-0.971369008064954,0.29547265123663,0.0127824475114534,0.770273994211276
0.268283001559757,-0.40322676186129,-0.560319271091233,1.07077179247181,4.49031669899484,0.771902605022165
0.862275323189131,-0.626246444328272,0.859500574451781,1.94937202318345,0.404092819179895,2.95800080887245
1.16708015014228,-0.763015935206484,-0.830154271512911,-1.0425925821236,1.08351662361905,2.25775473695613
3.89702060680187,-0.0245914398164785,-0.00202075195644151,-4.37357663549861,1.84472942729957,-1.3078927457338
0.652465127795904,0.897415007550778,0.0904040416969484,-0.952710993109012,0.966175774793806,1.31997976256706
1.80600254397031,-1.91705259750486,0.280682579197888,-0.691658187325038,0.163362396864752,3.31496612854883
1.60134910443282,0.75437652004675,-1.80415237305814,-1.2330180207166,2.3588973631523,2.9813868898868
0.249586375630832,1.98401005569988,1.27763369987255,-0.147567068834388,3.10020892016936,1.58793224533992
1.40729948803932,2.94508882188852,-1.53333943501162,0.516016946771397,0.961397837635214,2.00970912995805
3.37791611595035,2.0614111906407,-1.14809783470965,-1.77697364525173,1.73094754902399,-0.675709297064157
2.08695526900298,1.40812971655515,0.96567037479984,-1.44114299073417,0.873363751946581,1.42018419363392
1.55360279859082,-1.5720764789372,0.811717468603812,-0.403236686799491,2.32139178301281,-0.336228509262951
0.950754117958488,-0.221808049608138,-2.52598862137573,-1.82533561223371,-0.503017612537809,0.358774704664278
-1.16922138800267,0.0775442521008599,-2.22229940058445,-0.863098924767647,4.01711829119282,2.30984515729144
2.97073837743843,1.34422868330827,-2.90131068311886,-3.94256139832795,0.215409377875161,-0.5916503563676
-0.398832092202269,0.373194399195471,-0.745413930332235,-2.67984958209644,-0.89650423876952,1.37368555122228
2.46193176414054,-1.01037835367221,-0.769222784914147,-2.99163321340619,0.543806824649009,1.59966485526016
3.98183463998273,2.52132284971294,-0.490239437702912,-2.28043554509086,1.1907210293885,1.07687675777548
-0.377061109263339,1.59366955015516,-0.226979200094019,-2.039956791896,3.1107075699843,3.55106435056958
2.41231963598712,0.784916326989231,-1.84264998437902,-0.426542286180445,2.18457257980272,-0.43128626000535
1.15914326377679,1.96173033239097,-2.3911780275382,0.473169503783961,1.18519596165952,1.84858236600984
-0.543787406889134,-1.10652914468197,0.437499078504866,-2.0910752936313,-0.806328581184608,0.875497205569066
-0.469067949916277,1.29298435734776,0.0514858236488524,-2.49525847356701,-0.125849068073748,0.634834858632506
-0.581997025646972,-0.127494851576106,-3.11283315226018,-2.56253328848426,0.787729588101918,1.64972772739333
0.809821521178606,1.32049462622086,-1.133206431189,-1.62188308954551,4.31893394749877,-0.428560826957502
-0.40028226049467,0.427013654407911,-2.2543269518591,-1.35854360222885,-1.41829584648394,-0.838831283125767
2.39429180486858,1.25955285563774,-3.89905149875875,-0.274573699242596,2.47037104739983,0.307726774323208
4.23014162268337,2.10262113807127,-0.789831816336599,-1.48198726325258,0.314595465595903,3.45246000965763
-0.173139618845733,0.508748108380279,-1.11089639296202,-4.11773390329004,3.16578816998364,1.07807068445753
2.52406050171773,1.72107036434251,-1.13631697451831,-1.13715141332521,-0.480960831965426,1.46400815751904
2.49975491330118,-0.926120842177575,-0.697386441478274,0.780780215977335,1.18671020506157,0.734214707251445
1.93186335263515,-0.365925328523218,0.235451230155222,0.787401902765488,-0.429416224213577,1.65868982473536
0.18911040923989,2.32306125366581,-0.712163493723259,-2.18344482716684,2.17457135427018,-0.332351360224004
1.34471161138014,0.952865567628715,-1.86301018002294,-3.32166481545636,2.92891333535951,2.6210746531961
1.13548606427868,-1.96266738452048,-2.02871895268979,2.68709073779791,3.5359373083215,1.81858736433789
2.23188639318662,-1.13684494249885,-1.18452391025765,-1.24363291371913,2.03688085486637,-0.129033951768387
1.01582961706502,0.259062781293055,-0.565976218789468,-1.14617687515843,3.39624613095117,1.07637454413679
2.77006540269131,1.53893528520139,-2.45555249378286,-0.36913871695278,2.62035108126014,2.00286426729877
1.01304488490288,0.377740093141733,-1.25803241637934,-3.42105918492868,0.82856261462878,1.78082337487644
2.86852490525313,1.24902496642478,0.354174164235079,-2.09232866678693,1.62014840977011,3.07470762222763
0.136069891334114,1.65080645334539,-1.15159212772828,-3.31066360793501,-0.263592474918714,0.14181714314721
-0.138201818185546,2.50526579463553,-1.97778893463215,-2.03964192101589,0.759237179778708,2.56259126168655
5.71335191542513,0.567220079929954,-1.38632323579576,-0.821725850493159,2.58725282085347,2.45116721391771
0.958085135391439,0.437621712582921,0.560507963506772,-3.04706418698037,1.70366938652706,0.772523615336004
1.88769586900293,-1.60388483097072,-0.22993845430021,-0.115025980949031,1.59456453111293,-0.366297369950639
2.327540576244,0.619193112905393,0.731346120114247,-0.565983956773996,-0.349570351593367,-0.524803267238323
0.871085186578633,-0.186220069474676,-0.805262999973521,-2.35632253843096,0.214132800565648,1.64090174112296
2.17192065760769,-0.66881149936491,-0.425614864913405,-0.660512586428405,0.00601218212036061,0.900422572790748
1.97965388560061,0.284112522742952,-1.78183967728739,0.122121743740765,1.51388463101755,3.49074373359203
1.2200053400658,1.71793180729239,-0.152481063497534,0.591642879892613,-0.287659919606527,1.74919314469469
1.58488094358291,-1.8912981864263,-1.70886695906494,-1.31927241796979,1.73065380712877,0.479277174771107
1.45571257014,-0.0127351446465143,-2.98879170657404,-1.14045519086657,-0.451341335513605,-0.435759147895959
4.26698746872104,0.639964740299248,-0.820809848042224,-1.13007120247289,3.37708959557597,0.184637655552647
0.536263074845323,-0.571849084065944,1.72419170482401,1.16219263408257,1.59876875432154,1.48004375005626
0.0752048528029369,0.90068353099907,0.121280075402286,0.687607838416991,0.0886953040707494,0.368691494120689
1.5491249189224,0.993715904738877,0.631354745924764,0.251602351635559,1.31335971225159,1.71992216832297
1.90362497427608,0.46035660886881,-0.497601987669587,-1.43101119976104,0.541810841003657,0.531926726962305
2.06748052258324,-2.45907783251203,-1.85198004964271,-0.440137848750391,1.48249234768755,0.852216127687734
0.904125067475563,3.58574977503996,-1.2831371971544,-0.395064503168956,1.31659253438839,-0.0227135419309583
